file,buffer_cm,mean_lightness,std_lightness,n_px,area_cm2,pixels_per_cm
AM-S2-05_roi_data.mat,-8.5,0.5146868824958801,0.05330456420779228,323756,544.1596818439376,24.391905709074326
AM-S2-05_roi_data.mat,-8.0,0.514226496219635,0.05385791137814522,353120,593.5138402152586,24.391905709074326
AM-S2-05_roi_data.mat,-7.5,0.5136939287185669,0.05456790328025818,383236,644.1319383459868,24.391905709074326
AM-S2-05_roi_data.mat,-7.0,0.5131015777587891,0.05512445047497749,414453,696.600565299996,24.391905709074326
AM-S2-05_roi_data.mat,-6.5,0.5122857689857483,0.055730704218149185,447022,751.3415945874075,24.391905709074326
AM-S2-05_roi_data.mat,-6.0,0.5113572478294373,0.055979687720537186,481293,808.9432960430519,24.391905709074326
AM-S2-05_roi_data.mat,-5.5,0.5101460814476013,0.05615350231528282,515582,866.575251375916,24.391905709074326
AM-S2-05_roi_data.mat,-5.0,0.5087547898292542,0.056407008320093155,551817,927.4779869904377,24.391905709074326
AM-S2-05_roi_data.mat,-4.5,0.50750333070755,0.05634265020489693,589817,991.3472833434616,24.391905709074326
AM-S2-05_roi_data.mat,-4.0,0.5065634846687317,0.05634642019867897,628518,1056.3948001371032,24.391905709074326
AM-S2-05_roi_data.mat,-3.5,0.505662202835083,0.05636544153094292,669018,1124.4660238817735,24.391905709074326
AM-S2-05_roi_data.mat,-3.0,0.5046451091766357,0.0566132590174675,709432,1192.3927013241712,24.391905709074326
AM-S2-05_roi_data.mat,-2.5,0.5034756064414978,0.056991152465343475,752507,1264.7919102822373,24.391905709074326
AM-S2-05_roi_data.mat,-2.0,0.5026532411575317,0.05766108259558678,796037,1337.955870025583,24.391905709074326
AM-S2-05_roi_data.mat,-1.5,0.5020033717155457,0.058499790728092194,839936,1411.7400342519354,24.391905709074326
AM-S2-05_roi_data.mat,-1.0,0.5012747049331665,0.05945258215069771,886737,1490.4017957945111,24.391905709074326
AM-S2-05_roi_data.mat,-0.5,0.5006352663040161,0.06042990833520889,933872,1569.6249348366107,24.391905709074326
AM-S2-05_roi_data.mat,0.0,0.5003767609596252,0.06152578815817833,981371,1649.459874506934,24.391905709074326
AM-S2-05_roi_data.mat,0.5,0.5004714131355286,0.06276906281709671,1029871,1730.9772659048726,24.391905709074326
AM-S2-05_roi_data.mat,1.0,0.500669538974762,0.06398635357618332,1080164,1815.5082796281,24.391905709074326
AM-S2-05_roi_data.mat,1.5,0.5010019540786743,0.06525617837905884,1132339,1903.2025042917583,24.391905709074326
AM-S2-05_roi_data.mat,2.0,0.5013554692268372,0.06644551455974579,1183623,1989.3991620330341,24.391905709074326
AM-S2-05_roi_data.mat,2.5,0.5017855763435364,0.06748489290475845,1236744,2078.683396021692,24.391905709074326
AM-S2-05_roi_data.mat,3.0,0.5022340416908264,0.06854963302612305,1291711,2171.070333196341,24.391905709074326
AM-S2-05_roi_data.mat,3.5,0.5025500655174255,0.0694589614868164,1345908,2262.163076734363,24.391905709074326
AM-S2-05_roi_data.mat,4.0,0.502874493598938,0.0702352300286293,1402631,2357.5014477089044,24.391905709074326
AM-S2-05_roi_data.mat,4.5,0.5032486319541931,0.07089235633611679,1459564,2453.1927805843443,24.391905709074326
AM-S2-05_roi_data.mat,5.0,0.5036026835441589,0.07154840230941772,1518135,2551.637216286791,24.391905709074326
AM-S2-05_roi_data.mat,5.5,0.5040033459663391,0.07210464030504227,1576920,2650.4413369739623,24.391905709074326
AM-S2-05_roi_data.mat,6.0,0.5043491721153259,0.07258835434913635,1635624,2749.1093152136445,24.391905709074326
AM-S2-05_roi_data.mat,6.5,0.5046300292015076,0.07293649762868881,1696995,2852.259909594735,24.391905709074326
AM-S2-05_roi_data.mat,7.0,0.5048449039459229,0.07317624986171722,1758556,2955.72985045759,24.391905709074326
AM-S2-05_roi_data.mat,7.5,0.5050219297409058,0.07339303940534592,1820906,3060.5259196052493,24.391905709074326
AM-S2-05_roi_data.mat,8.0,0.5051179528236389,0.07355751097202301,1884328,3167.1237752184466,24.391905709074326
AM-S2-05_roi_data.mat,8.5,0.505190372467041,0.07372391223907471,1949555,3276.755422408412,24.391905709074326
AM-S2-06_roi_data.mat,-8.5,0.4831387996673584,0.0492761991918087,87002,144.1495287871985,24.567332550901828
AM-S2-06_roi_data.mat,-8.0,0.48405903577804565,0.04911227524280548,103487,171.46275126549747,24.567332550901828
AM-S2-06_roi_data.mat,-7.5,0.48489508032798767,0.04887891933321953,121421,201.17675380876796,24.567332550901828
AM-S2-06_roi_data.mat,-7.0,0.4853375554084778,0.048481546342372894,140331,232.50784492582187,24.567332550901828
AM-S2-06_roi_data.mat,-6.5,0.4852849543094635,0.04802076146006584,160362,265.696268308461,24.567332550901828
AM-S2-06_roi_data.mat,-6.0,0.4851219356060028,0.04768259823322296,181387,300.531603619728,24.567332550901828
AM-S2-06_roi_data.mat,-5.5,0.48475950956344604,0.04738808050751686,203526,337.2126732252519,24.567332550901828
AM-S2-06_roi_data.mat,-5.0,0.4841926693916321,0.047518614679574966,227165,376.37902240113965,24.567332550901828
AM-S2-06_roi_data.mat,-4.5,0.48391813039779663,0.048547014594078064,251883,417.3331160146424,24.567332550901828
AM-S2-06_roi_data.mat,-4.0,0.4834838807582855,0.04941881075501442,277598,459.9390921159138,24.567332550901828
AM-S2-06_roi_data.mat,-3.5,0.4832792580127716,0.050054363906383514,304706,504.85306451152974,24.567332550901828
AM-S2-06_roi_data.mat,-3.0,0.4831753075122833,0.05067947506904602,332570,551.019617810609,24.567332550901828
AM-S2-06_roi_data.mat,-2.5,0.4838409721851349,0.051623813807964325,361487,598.9308373680839,24.567332550901828
AM-S2-06_roi_data.mat,-2.0,0.48501095175743103,0.05252790078520775,391932,649.3737283812359,24.567332550901828
AM-S2-06_roi_data.mat,-1.5,0.486268550157547,0.05318745598196983,423667,701.953959824901,24.567332550901828
AM-S2-06_roi_data.mat,-1.0,0.48720571398735046,0.05341719835996628,456255,755.9474869175796,24.567332550901828
AM-S2-06_roi_data.mat,-0.5,0.48834100365638733,0.053863056004047394,489700,811.3609370714594,24.567332550901828
AM-S2-06_roi_data.mat,0.0,0.48946183919906616,0.054415248334407806,523693,867.6823426950455,24.567332550901828
AM-S2-06_roi_data.mat,0.5,0.49039214849472046,0.05486060678958893,558657,925.6125526271805,24.567332550901828
AM-S2-06_roi_data.mat,1.0,0.4913491904735565,0.05542507395148277,595114,986.016444158351,24.567332550901828
AM-S2-06_roi_data.mat,1.5,0.49232739210128784,0.05610521137714386,632827,1048.5013431164396,24.567332550901828
AM-S2-06_roi_data.mat,2.0,0.49336886405944824,0.05681737884879112,671794,1113.0639357953523,24.567332550901828
AM-S2-06_roi_data.mat,2.5,0.4944688677787781,0.05756295472383499,711598,1179.013314474528,24.567332550901828
AM-S2-06_roi_data.mat,3.0,0.4955248534679413,0.058304086327552795,751800,1245.6221206663736,24.567332550901828
AM-S2-06_roi_data.mat,3.5,0.49625730514526367,0.05881766602396965,793111,1314.0683768872416,24.567332550901828
AM-S2-06_roi_data.mat,4.0,0.49683263897895813,0.05903858691453934,835830,1384.8474821981579,24.567332550901828
AM-S2-06_roi_data.mat,4.5,0.4973810613155365,0.059257395565509796,879174,1456.6621206633924,24.567332550901828
AM-S2-06_roi_data.mat,5.0,0.4979877173900604,0.05956175923347473,923639,1530.3340913942122,24.567332550901828
AM-S2-06_roi_data.mat,5.5,0.4987805485725403,0.06002981960773468,969229,1605.8700218028048,24.567332550901828
AM-S2-06_roi_data.mat,6.0,0.49956077337265015,0.06052771955728531,1015147,1681.9494000107838,24.567332550901828
AM-S2-06_roi_data.mat,6.5,0.50019371509552,0.06096658110618591,1062047,1759.6558079108274,24.567332550901828
AM-S2-06_roi_data.mat,7.0,0.5007654428482056,0.06137453764677048,1110071,1839.2245186355974,24.567332550901828
AM-S2-06_roi_data.mat,7.5,0.5014812350273132,0.061772219836711884,1159266,1920.733404278298,24.567332550901828
AM-S2-06_roi_data.mat,8.0,0.5023663640022278,0.06218492239713669,1209542,2004.0333480647073,24.567332550901828
AM-S2-06_roi_data.mat,8.5,0.5033625364303589,0.06263111531734467,1260196,2087.9595823028485,24.567332550901828
BG_02_before_roi_data.mat,-8.5,0.4917818009853363,0.014591226354241371,26044,6.6345435979481495,62.653929947896614
BG_02_before_roi_data.mat,-8.0,0.4928032159805298,0.013550033792853355,53944,13.741891408682037,62.653929947896614
BG_02_before_roi_data.mat,-7.5,0.4938133955001831,0.013351419009268284,90119,22.957242915968717,62.653929947896614
BG_02_before_roi_data.mat,-7.0,0.49292048811912537,0.015477830544114113,133573,34.02687344527446,62.653929947896614
BG_02_before_roi_data.mat,-6.5,0.49198833107948303,0.015272620134055614,184569,47.01778057632053,62.653929947896614
BG_02_before_roi_data.mat,-6.0,0.49156996607780457,0.01549963466823101,244202,62.20890860490454,62.653929947896614
BG_02_before_roi_data.mat,-5.5,0.49063730239868164,0.016125217080116272,310566,79.11471613578425,62.653929947896614
BG_02_before_roi_data.mat,-5.0,0.48901286721229553,0.01708282344043255,384876,98.04471670265289,62.653929947896614
BG_02_before_roi_data.mat,-4.5,0.4876249432563782,0.018199719488620758,467955,119.20856432874467,62.653929947896614
BG_02_before_roi_data.mat,-4.0,0.4864351749420166,0.019160296767950058,557391,141.9918173323574,62.653929947896614
BG_02_before_roi_data.mat,-3.5,0.48563018441200256,0.018769796937704086,654860,166.82142606943344,62.653929947896614
BG_02_before_roi_data.mat,-3.0,0.48496681451797485,0.01837514340877533,761391,193.95952175492778,62.653929947896614
BG_02_before_roi_data.mat,-2.5,0.4840284287929535,0.01905660703778267,873898,222.61996548762446,62.653929947896614
BG_02_before_roi_data.mat,-2.0,0.48337653279304504,0.018850786611437798,994526,253.34918239490787,62.653929947896614
BG_02_before_roi_data.mat,-1.5,0.48276185989379883,0.019447579979896545,1124426,286.4403824169269,62.653929947896614
BG_02_before_roi_data.mat,-1.0,0.48182085156440735,0.020448679104447365,1260083,320.99814162698885,62.653929947896614
BG_02_before_roi_data.mat,-0.5,0.4811694025993347,0.020774682983756065,1403869,357.6267119608305,62.653929947896614
BG_02_before_roi_data.mat,0.0,0.4808919131755829,0.020749162882566452,1554747,396.0619242543039,62.653929947896614
BG_02_before_roi_data.mat,0.5,0.4805581271648407,0.020974405109882355,1712415,436.22684592537166,62.653929947896614
BG_02_before_roi_data.mat,1.0,0.480031281709671,0.022189468145370483,1876841,478.11332517726163,62.653929947896614
BG_02_before_roi_data.mat,1.5,0.47942784428596497,0.02388213947415352,2046880,521.4296805317197,62.653929947896614
BG_02_before_roi_data.mat,2.0,0.4787474572658539,0.026067789644002914,2225382,566.901931388767,62.653929947896614
BG_02_before_roi_data.mat,2.5,0.4785628616809845,0.026688776910305023,2408182,613.4690704497762,62.653929947896614
BG_02_before_roi_data.mat,3.0,0.4785672724246979,0.02712673507630825,2596472,661.4347521445103,62.653929947896614
BG_02_before_roi_data.mat,3.5,0.47857269644737244,0.027420809492468834,2793458,711.6156846120812,62.653929947896614
BG_02_before_roi_data.mat,4.0,0.47861042618751526,0.027593061327934265,2994648,762.8675593805955,62.653929947896614
BG_02_before_roi_data.mat,4.5,0.47867175936698914,0.02758278138935566,3201341,815.5212884502736,62.653929947896614
BG_02_before_roi_data.mat,5.0,0.47869497537612915,0.02742612548172474,3416704,870.383644957911,62.653929947896614
BG_02_before_roi_data.mat,5.5,0.4786631464958191,0.02718064934015274,3636277,926.3184722283867,62.653929947896614
BG_02_before_roi_data.mat,6.0,0.47846922278404236,0.027163296937942505,3861315,983.6454735413591,62.653929947896614
BG_02_before_roi_data.mat,6.5,0.47801071405410767,0.0277963038533926,4095078,1043.195113192993,62.653929947896614
BG_02_before_roi_data.mat,7.0,0.4772975444793701,0.028796149417757988,4332493,1103.6750766512505,62.653929947896614
BG_02_before_roi_data.mat,7.5,0.47670507431030273,0.029293950647115707,4576448,1165.82106357482,62.653929947896614
BG_02_before_roi_data.mat,8.0,0.47638094425201416,0.029160933569073677,4828583,1230.0508535482747,62.653929947896614
BG_02_before_roi_data.mat,8.5,0.47612258791923523,0.02898424305021763,5084301,1295.1933900165632,62.653929947896614
BG_05_before_roi_data.mat,-6.5,0.43237432837486267,0.014785087667405605,4713,1.634558848334051,53.69680423316485
BG_05_before_roi_data.mat,-6.0,0.4209650158882141,0.052447471767663956,17089,5.926793159172628,53.69680423316485
BG_05_before_roi_data.mat,-5.5,0.4234752058982849,0.05880171060562134,37058,12.852425589128636,53.69680423316485
BG_05_before_roi_data.mat,-5.0,0.42970016598701477,0.053096018731594086,63862,22.14856719123895,53.69680423316485
BG_05_before_roi_data.mat,-4.5,0.43486541509628296,0.04839695990085602,97492,33.81209659278237,53.69680423316485
BG_05_before_roi_data.mat,-4.0,0.4392835199832916,0.04430355876684189,137973,47.85168427354,53.69680423316485
BG_05_before_roi_data.mat,-3.5,0.44242390990257263,0.04121624305844307,184735,64.06964329450263,53.69680423316485
BG_05_before_roi_data.mat,-3.0,0.4437045753002167,0.04096251726150513,236781,82.12019492199977,53.69680423316485
BG_05_before_roi_data.mat,-2.5,0.44411104917526245,0.04206838086247444,295099,102.34599651698072,53.69680423316485
BG_05_before_roi_data.mat,-2.0,0.44490838050842285,0.04129307344555855,359542,124.69606565833256,53.69680423316485
BG_05_before_roi_data.mat,-1.5,0.44381362199783325,0.04354036971926689,429246,148.8707505648203,53.69680423316485
BG_05_before_roi_data.mat,-1.0,0.4422936737537384,0.04500000551342964,505476,175.30877751336786,53.69680423316485
BG_05_before_roi_data.mat,-0.5,0.44076377153396606,0.04487102851271629,587058,203.60298077345456,53.69680423316485
BG_05_before_roi_data.mat,0.0,0.4400913119316101,0.04387285187840462,673016,233.41486481442598,53.69680423316485
BG_05_before_roi_data.mat,0.5,0.43978044390678406,0.04257501661777496,763941,264.9493997783075,53.69680423316485
BG_05_before_roi_data.mat,1.0,0.4381461441516876,0.043436724692583084,860790,298.5384916311198,53.69680423316485
BG_05_before_roi_data.mat,1.5,0.43733808398246765,0.045634713023900986,962716,333.8883845178791,53.69680423316485
BG_05_before_roi_data.mat,2.0,0.4348700940608978,0.048567578196525574,1068311,370.51075701731344,53.69680423316485
BG_05_before_roi_data.mat,2.5,0.432583749294281,0.05112376809120178,1179141,408.94872798291135,53.69680423316485
BG_05_before_roi_data.mat,3.0,0.42928293347358704,0.05662757158279419,1294127,448.82807950732024,53.69680423316485
BG_05_before_roi_data.mat,3.5,0.4252139925956726,0.06299912184476852,1412522,489.88973765468074,53.69680423316485
BG_05_before_roi_data.mat,4.0,0.42249587178230286,0.06559664756059647,1536536,532.9001728376426,53.69680423316485
BG_05_before_roi_data.mat,4.5,0.42050689458847046,0.06691794842481613,1665125,577.4973058205467,53.69680423316485
BG_05_before_roi_data.mat,5.0,0.41919049620628357,0.06729190051555634,1798107,623.6180155105867,53.69680423316485
BG_05_before_roi_data.mat,5.5,0.4177123010158539,0.0681552141904831,1935460,671.2546718855554,53.69680423316485
BG_05_before_roi_data.mat,6.0,0.4150199890136719,0.07140304893255234,2077878,720.647967464176,53.69680423316485
BG_05_before_roi_data.mat,6.5,0.41215503215789795,0.07501079887151718,2224067,771.3491182129785,53.69680423316485
BG_05_before_roi_data.mat,7.0,0.41009005904197693,0.07701756805181503,2374337,823.4656380812488,53.69680423316485
BG_05_before_roi_data.mat,7.5,0.40863344073295593,0.07794362306594849,2529855,877.4022650651688,53.69680423316485
BG_05_before_roi_data.mat,8.0,0.4072827696800232,0.07886824756860733,2689696,932.8381914128375,53.69680423316485
BG_05_before_roi_data.mat,8.5,0.4063801169395447,0.07945238053798676,2854284,989.9204684613427,53.69680423316485
BG_07_before_roi_data.mat,-8.5,0.4152505397796631,0.004692954011261463,9,0.0041504233485752055,46.56665643094444
BG_07_before_roi_data.mat,-8.0,0.40175092220306396,0.024657022207975388,9866,4.549786306338108,46.56665643094444
BG_07_before_roi_data.mat,-7.5,0.40166234970092773,0.027443239465355873,32935,15.188243665036042,46.56665643094444
BG_07_before_roi_data.mat,-7.0,0.4041964113712311,0.02989288419485092,61542,28.380594857557252,46.56665643094444
BG_07_before_roi_data.mat,-6.5,0.40663808584213257,0.03094615414738655,93930,43.31658501462989,46.56665643094444
BG_07_before_roi_data.mat,-6.0,0.40792903304100037,0.032172877341508865,130476,60.170070758744274,46.56665643094444
BG_07_before_roi_data.mat,-5.5,0.4083942770957947,0.031835492700338364,171118,78.91246028461022,46.56665643094444
BG_07_before_roi_data.mat,-5.0,0.4090915024280548,0.031151913106441498,216701,99.93343222884394,46.56665643094444
BG_07_before_roi_data.mat,-4.5,0.4104076623916626,0.03009883686900139,265439,122.4093581358282,46.56665643094444
BG_07_before_roi_data.mat,-4.0,0.4113902449607849,0.029193606227636337,318052,146.672271873449,46.56665643094444
BG_07_before_roi_data.mat,-3.5,0.4119795858860016,0.02888798527419567,376030,173.40929908497048,46.56665643094444
BG_07_before_roi_data.mat,-3.0,0.41256773471832275,0.028672533109784126,436698,201.3868417195661,46.56665643094444
BG_07_before_roi_data.mat,-2.5,0.413180410861969,0.02820570021867752,501354,231.20348305573037,46.56665643094444
BG_07_before_roi_data.mat,-2.0,0.41409504413604736,0.028129348531365395,570181,262.9436150348843,46.56665643094444
BG_07_before_roi_data.mat,-1.5,0.4148019254207611,0.02783598005771637,644366,297.15463238089006,46.56665643094444
BG_07_before_roi_data.mat,-1.0,0.41541483998298645,0.02770121954381466,721276,332.62230568521437,46.56665643094444
BG_07_before_roi_data.mat,-0.5,0.4161510765552521,0.02756643481552601,801986,369.84237995893716,46.56665643094444
BG_07_before_roi_data.mat,0.0,0.4167269170284271,0.027285149320960045,886290,408.71985662319094,46.56665643094444
BG_07_before_roi_data.mat,0.5,0.41700413823127747,0.027208199724555016,974169,449.2459736731288,46.56665643094444
BG_07_before_roi_data.mat,1.0,0.41736850142478943,0.02703506499528885,1065823,491.51296273871895,46.56665643094444
BG_07_before_roi_data.mat,1.5,0.4178164601325989,0.026935528963804245,1161071,535.4373541948402,46.56665643094444
BG_07_before_roi_data.mat,2.0,0.4181821942329407,0.026899510994553566,1261246,581.6338718552314,46.56665643094444
BG_07_before_roi_data.mat,2.5,0.41850998997688293,0.02696659229695797,1363282,628.6886048324781,46.56665643094444
BG_07_before_roi_data.mat,3.0,0.4187064468860626,0.027196187525987625,1468468,677.195985981726,46.56665643094444
BG_07_before_roi_data.mat,3.5,0.41896337270736694,0.027365881949663162,1577034,727.2620816774389,46.56665643094444
BG_07_before_roi_data.mat,4.0,0.4191705286502838,0.02743673324584961,1690917,779.78015525586,46.56665643094444
BG_07_before_roi_data.mat,4.5,0.41943103075027466,0.027463991194963455,1806313,832.9959611149916,46.56665643094444
BG_07_before_roi_data.mat,5.0,0.41961154341697693,0.027438297867774963,1925261,887.8498007223609,46.56665643094444
BG_07_before_roi_data.mat,5.5,0.4198026955127716,0.027439001947641373,2049070,944.9453300961106,46.56665643094444
BG_07_before_roi_data.mat,6.0,0.42005637288093567,0.027566516771912575,2174786,1002.9202880616084,46.56665643094444
BG_07_before_roi_data.mat,6.5,0.42033177614212036,0.027764493599534035,2303664,1062.3534280969056,46.56665643094444
BG_07_before_roi_data.mat,7.0,0.42056575417518616,0.028051935136318207,2435972,1123.36834058616,46.56665643094444
BG_07_before_roi_data.mat,7.5,0.420762836933136,0.02839900366961956,2573551,1186.8140176832296,46.56665643094444
BG_07_before_roi_data.mat,8.0,0.4209555983543396,0.028681235387921333,2712573,1250.925145990521,46.56665643094444
BG_07_before_roi_data.mat,8.5,0.42112672328948975,0.028936047106981277,2855213,1316.7047444839397,46.56665643094444
BG_08_before_roi_data.mat,-8.5,0.43714120984077454,0.013688360340893269,9641,3.5113583098195447,52.39905650815294
BG_08_before_roi_data.mat,-8.0,0.437059223651886,0.015194905921816826,29987,10.921595439950076,52.39905650815294
BG_08_before_roi_data.mat,-7.5,0.43821513652801514,0.017768079414963722,56996,20.758570503731434,52.39905650815294
BG_08_before_roi_data.mat,-7.0,0.4404200613498688,0.01800229586660862,88651,32.287669901857946,52.39905650815294
BG_08_before_roi_data.mat,-6.5,0.4423680007457733,0.018782366067171097,125111,45.56680318429966,52.39905650815294
BG_08_before_roi_data.mat,-6.0,0.4426535367965698,0.019841833040118217,166673,60.70414101986857,52.39905650815294
BG_08_before_roi_data.mat,-5.5,0.44205886125564575,0.020601192489266396,213246,77.6665402070095,52.39905650815294
BG_08_before_roi_data.mat,-5.0,0.44131606817245483,0.02150336280465126,264850,96.46128496584446,52.39905650815294
BG_08_before_roi_data.mat,-4.5,0.44080451130867004,0.022029096260666847,320697,116.80137702356586,52.39905650815294
BG_08_before_roi_data.mat,-4.0,0.4405074119567871,0.0219745971262455,381595,138.98109887310332,52.39905650815294
BG_08_before_roi_data.mat,-3.5,0.44060221314430237,0.021779729053378105,447089,162.8347345066809,52.39905650815294
BG_08_before_roi_data.mat,-3.0,0.4405512809753418,0.02167300507426262,517896,188.62342321567294,52.39905650815294
BG_08_before_roi_data.mat,-2.5,0.4402352571487427,0.02138492837548256,594171,216.40361770602516,52.39905650815294
BG_08_before_roi_data.mat,-2.0,0.43974584341049194,0.021516788750886917,674200,245.55106031328046,52.39905650815294
BG_08_before_roi_data.mat,-1.5,0.4389883279800415,0.021928049623966217,759704,276.6925581789386,52.39905650815294
BG_08_before_roi_data.mat,-1.0,0.4385119378566742,0.021918894723057747,849720,309.4773761041244,52.39905650815294
BG_08_before_roi_data.mat,-0.5,0.4382173717021942,0.021776705980300903,944242,343.9033288228012,52.39905650815294
BG_08_before_roi_data.mat,0.0,0.4378244876861572,0.022252844646573067,1043576,380.0818649028359,52.39905650815294
BG_08_before_roi_data.mat,0.5,0.43743616342544556,0.02250600978732109,1147395,417.8938873452335,52.39905650815294
BG_08_before_roi_data.mat,1.0,0.4371529221534729,0.022363632917404175,1255482,457.2603623616701,52.39905650815294
BG_08_before_roi_data.mat,1.5,0.43690025806427,0.02227892354130745,1368224,498.32223961150675,52.39905650815294
BG_08_before_roi_data.mat,2.0,0.436763197183609,0.02227964997291565,1485668,541.0966370120302,52.39905650815294
BG_08_before_roi_data.mat,2.5,0.4365353584289551,0.022486919537186623,1606599,585.1410381908278,52.39905650815294
BG_08_before_roi_data.mat,3.0,0.4363184869289398,0.022852526977658272,1733297,631.2858442418096,52.39905650815294
BG_08_before_roi_data.mat,3.5,0.4361369013786316,0.023576579988002777,1863549,678.7250562084745,52.39905650815294
BG_08_before_roi_data.mat,4.0,0.43608757853507996,0.024112623184919357,1997360,727.4604951458526,52.39905650815294
BG_08_before_roi_data.mat,4.5,0.4360887110233307,0.024729197844862938,2135867,777.906268967881,52.39905650815294
BG_08_before_roi_data.mat,5.0,0.43621161580085754,0.02552810125052929,2278230,829.7564404294347,52.39905650815294
BG_08_before_roi_data.mat,5.5,0.43633535504341125,0.026456966996192932,2426029,883.5864629201535,52.39905650815294
BG_08_before_roi_data.mat,6.0,0.43648970127105713,0.02728738822042942,2578003,938.9370663613438,52.39905650815294
BG_08_before_roi_data.mat,6.5,0.436673104763031,0.028041234239935875,2734056,995.7732864964199,52.39905650815294
BG_08_before_roi_data.mat,7.0,0.43668732047080994,0.028669394552707672,2893547,1053.8616640704713,52.39905650815294
BG_08_before_roi_data.mat,7.5,0.4367494583129883,0.029395317658782005,3057350,1113.52051950283,52.39905650815294
BG_08_before_roi_data.mat,8.0,0.4363914132118225,0.03037532977759838,3226212,1175.0219184150537,52.39905650815294
BG_08_before_roi_data.mat,8.5,0.4358278810977936,0.031606800854206085,3399515,1238.1407784053717,52.39905650815294
BG_03_before_roi_data.mat,-8.5,0.49478521943092346,0.02910306677222252,337256,94.74168118934924,59.6635786352529
BG_03_before_roi_data.mat,-8.0,0.49399334192276,0.029482148587703705,415814,116.81013064872994,59.6635786352529
BG_03_before_roi_data.mat,-7.5,0.4935528039932251,0.029764216393232346,501025,140.74753545642986,59.6635786352529
BG_03_before_roi_data.mat,-7.0,0.4936601221561432,0.029477406293153763,593169,166.63255298469144,59.6635786352529
BG_03_before_roi_data.mat,-6.5,0.4936884939670563,0.02878194861114025,692157,194.44018142590912,59.6635786352529
BG_03_before_roi_data.mat,-6.0,0.4934239089488983,0.028729209676384926,798275,224.2507636674448,59.6635786352529
BG_03_before_roi_data.mat,-5.5,0.4933857321739197,0.02852168120443821,909097,255.38278976265457,59.6635786352529
BG_03_before_roi_data.mat,-5.0,0.4931134581565857,0.028172984719276428,1028650,288.9675212758975,59.6635786352529
BG_03_before_roi_data.mat,-4.5,0.49239715933799744,0.028645040467381477,1154913,324.4372205310948,59.6635786352529
BG_03_before_roi_data.mat,-4.0,0.4912748634815216,0.030050503090023994,1288009,361.8264405881957,59.6635786352529
BG_03_before_roi_data.mat,-3.5,0.4902544915676117,0.031179772689938545,1427761,401.08545875117557,59.6635786352529
BG_03_before_roi_data.mat,-3.0,0.48962175846099854,0.031331341713666916,1574526,442.3145631696436,59.6635786352529
BG_03_before_roi_data.mat,-2.5,0.48925668001174927,0.0309991966933012,1726219,484.9280373395796,59.6635786352529
BG_03_before_roi_data.mat,-2.0,0.4888858497142792,0.030910788103938103,1886580,529.9765190187943,59.6635786352529
BG_03_before_roi_data.mat,-1.5,0.4885713756084442,0.030890462920069695,2053766,576.94227414642,59.6635786352529
BG_03_before_roi_data.mat,-1.0,0.4884490370750427,0.030505402013659477,2227811,625.8348539748006,59.6635786352529
BG_03_before_roi_data.mat,-0.5,0.48840296268463135,0.029998930171132088,2408675,676.6430217364725,59.6635786352529
BG_03_before_roi_data.mat,0.0,0.488328754901886,0.029557088389992714,2593081,728.4462052570123,59.6635786352529
BG_03_before_roi_data.mat,0.5,0.48818492889404297,0.029296154156327248,2783476,781.9318137859818,59.6635786352529
BG_03_before_roi_data.mat,1.0,0.4876232445240021,0.02955697849392891,2982719,837.9029952778144,59.6635786352529
BG_03_before_roi_data.mat,1.5,0.4868339002132416,0.03014502301812172,3187520,895.4355256086608,59.6635786352529
BG_03_before_roi_data.mat,2.0,0.48567888140678406,0.031130783259868622,3397903,954.5361468389988,59.6635786352529
BG_03_before_roi_data.mat,2.5,0.4842585027217865,0.03250642865896225,3613809,1015.1882847368202,59.6635786352529
BG_03_before_roi_data.mat,3.0,0.4830228090286255,0.03375794738531113,3832989,1076.7601520515057,59.6635786352529
BG_03_before_roi_data.mat,3.5,0.4818670153617859,0.034656692296266556,4060020,1140.5375159000334,59.6635786352529
BG_03_before_roi_data.mat,4.0,0.48070231080055237,0.03538418188691139,4292333,1205.798694892079,59.6635786352529
BG_03_before_roi_data.mat,4.5,0.47944340109825134,0.0359836146235466,4530494,1272.7026892872466,59.6635786352529
BG_03_before_roi_data.mat,5.0,0.47810685634613037,0.03667781874537468,4774189,1341.1612904609497,59.6635786352529
BG_03_before_roi_data.mat,5.5,0.4766938090324402,0.03757517412304878,5023666,1411.2441663714608,59.6635786352529
BG_03_before_roi_data.mat,6.0,0.4753326177597046,0.03851431980729103,5272387,1481.114667376917,59.6635786352529
BG_03_before_roi_data.mat,6.5,0.47401103377342224,0.039326440542936325,5519201,1550.4494554935643,59.6635786352529
BG_03_before_roi_data.mat,7.0,0.47274211049079895,0.03994232788681984,5761699,1618.571796400931,59.6635786352529
BG_03_before_roi_data.mat,7.5,0.4715726375579834,0.040280673652887344,6000589,1685.6805808831155,59.6635786352529
BG_03_before_roi_data.mat,8.0,0.47041964530944824,0.040545959025621414,6235614,1751.703612709167,59.6635786352529
BG_03_before_roi_data.mat,8.5,0.4682670831680298,0.04380779340863228,6468095,1817.0119861245578,59.6635786352529
BG_06_before_roi_data.mat,-8.5,0.4300869107246399,0.05384167283773422,3096,1.0709658105118043,53.766612195297505
BG_06_before_roi_data.mat,-8.0,0.44978055357933044,0.03803272917866707,29245,10.11640669522536,53.766612195297505
BG_06_before_roi_data.mat,-7.5,0.454262912273407,0.03453316166996956,61293,21.20242487845608,53.766612195297505
BG_06_before_roi_data.mat,-7.0,0.4531591832637787,0.03859618678689003,99380,34.37744904672581,53.766612195297505
BG_06_before_roi_data.mat,-6.5,0.45268040895462036,0.04034797474741936,143342,49.584748452966096,53.766612195297505
BG_06_before_roi_data.mat,-6.0,0.4522244334220886,0.03945579752326012,193301,66.86652523828884,53.766612195297505
BG_06_before_roi_data.mat,-5.5,0.45129022002220154,0.03797794505953789,249358,86.25771724082767,53.766612195297505
BG_06_before_roi_data.mat,-5.0,0.44820648431777954,0.040637850761413574,311140,107.62929660292079,53.766612195297505
BG_06_before_roi_data.mat,-4.5,0.44514819979667664,0.04368680715560913,379154,131.15664435361518,53.766612195297505
BG_06_before_roi_data.mat,-4.0,0.44222283363342285,0.04637456685304642,451176,156.0704362155923,53.766612195297505
BG_06_before_roi_data.mat,-3.5,0.439969539642334,0.047554511576890945,530880,183.6415792908613,53.766612195297505
BG_06_before_roi_data.mat,-3.0,0.43946102261543274,0.046643707901239395,616514,213.26402315952018,53.766612195297505
BG_06_before_roi_data.mat,-2.5,0.4398198425769806,0.04534902796149254,708211,244.98377507376466,53.766612195297505
BG_06_before_roi_data.mat,-2.0,0.44010546803474426,0.04454376921057701,805707,278.70951236758214,53.766612195297505
BG_06_before_roi_data.mat,-1.5,0.4405563473701477,0.043719545006752014,909346,314.5602312421405,53.766612195297505
BG_06_before_roi_data.mat,-1.0,0.44110336899757385,0.04296799376606941,1018755,352.4069038397781,53.766612195297505
BG_06_before_roi_data.mat,-0.5,0.4415123462677002,0.0419783741235733,1134462,392.4321754925202,53.766612195297505
BG_06_before_roi_data.mat,0.0,0.44162023067474365,0.04089335724711418,1252693,433.33054717941326,53.766612195297505
BG_06_before_roi_data.mat,0.5,0.44164082407951355,0.03994794562458992,1375904,475.9515964297266,53.766612195297505
BG_06_before_roi_data.mat,1.0,0.4415106177330017,0.03892829269170761,1507096,521.3334267309748,53.766612195297505
BG_06_before_roi_data.mat,1.5,0.4414522647857666,0.037792716175317764,1642415,568.1428655270494,53.766612195297505
BG_06_before_roi_data.mat,2.0,0.44124671816825867,0.03695603087544441,1782511,616.6047602910874,53.766612195297505
BG_06_before_roi_data.mat,2.5,0.44075557589530945,0.036600857973098755,1926842,666.5316228224115,53.766612195297505
BG_06_before_roi_data.mat,3.0,0.44022807478904724,0.036418892443180084,2075954,718.1123249984566,53.766612195297505
BG_06_before_roi_data.mat,3.5,0.4397997260093689,0.03616335988044739,2229456,771.2116124161514,53.766612195297505
BG_06_before_roi_data.mat,4.0,0.439171701669693,0.0362282320857048,2387457,825.8671902671449,53.766612195297505
BG_06_before_roi_data.mat,4.5,0.4378001093864441,0.0385715626180172,2547167,881.1139440128943,53.766612195297505
BG_06_before_roi_data.mat,5.0,0.43597176671028137,0.04235929995775223,2714471,938.9876080832647,53.766612195297505
BG_06_before_roi_data.mat,5.5,0.4340828061103821,0.04524765536189079,2885730,998.2293825478774,53.766612195297505
BG_06_before_roi_data.mat,6.0,0.4318278133869171,0.048546139150857925,3062086,1059.234307121075,53.766612195297505
BG_06_before_roi_data.mat,6.5,0.42903655767440796,0.052828509360551834,3242628,1121.687249421276,53.766612195297505
BG_06_before_roi_data.mat,7.0,0.42659422755241394,0.05626390129327774,3427578,1185.6650035085363,53.766612195297505
BG_06_before_roi_data.mat,7.5,0.42457717657089233,0.05874212831258774,3617279,1251.2862196648348,53.766612195297505
BG_06_before_roi_data.mat,8.0,0.42296525835990906,0.060422495007514954,3811245,1318.3827811641024,53.766612195297505
BG_06_before_roi_data.mat,8.5,0.42173293232917786,0.06136264652013779,4010273,1387.2303856003246,53.766612195297505
BG_04_before_roi_data.mat,-7.0,0.46971631050109863,0.0223471000790596,7484,2.2042504567966765,58.26884634887824
BG_04_before_roi_data.mat,-6.5,0.46129098534584045,0.0285679642111063,32567,9.591906016367899,58.26884634887824
BG_04_before_roi_data.mat,-6.0,0.4604121446609497,0.029710160568356514,71870,21.16775525520806,58.26884634887824
BG_04_before_roi_data.mat,-5.5,0.46323683857917786,0.03139135241508484,120897,35.607598540265606,58.26884634887824
BG_04_before_roi_data.mat,-5.0,0.46672356128692627,0.03146645426750183,179231,52.78861753368855,58.26884634887824
BG_04_before_roi_data.mat,-4.5,0.4687739312648773,0.03185611963272095,246948,72.7331963929751,58.26884634887824
BG_04_before_roi_data.mat,-4.0,0.4704015552997589,0.03174804896116257,322282,94.92119798468018,58.26884634887824
BG_04_before_roi_data.mat,-3.5,0.4707375466823578,0.03210859373211861,404715,119.20005660375026,58.26884634887824
BG_04_before_roi_data.mat,-3.0,0.46984177827835083,0.03190506994724274,493988,145.49348939765855,58.26884634887824
BG_04_before_roi_data.mat,-2.5,0.4688563942909241,0.03218759596347809,588951,173.4627887200507,58.26884634887824
BG_04_before_roi_data.mat,-2.0,0.46798497438430786,0.03206303343176842,690248,203.29763085288513,58.26884634887824
BG_04_before_roi_data.mat,-1.5,0.467406690120697,0.03173329308629036,798293,235.11995054884943,58.26884634887824
BG_04_before_roi_data.mat,-1.0,0.4664190113544464,0.03174367547035217,911273,268.3957678402562,58.26884634887824
BG_04_before_roi_data.mat,-0.5,0.46545979380607605,0.03194241598248482,1031491,303.8033816049787,58.26884634887824
BG_04_before_roi_data.mat,0.0,0.46475648880004883,0.032073117792606354,1155736,340.3970611887177,58.26884634887824
BG_04_before_roi_data.mat,0.5,0.46453797817230225,0.03231018781661987,1285696,378.673970510644,58.26884634887824
BG_04_before_roi_data.mat,1.0,0.4644123613834381,0.0325903445482254,1423250,419.1875284120617,58.26884634887824
BG_04_before_roi_data.mat,1.5,0.4644826650619507,0.032836418598890305,1564796,460.8768436389113,58.26884634887824
BG_04_before_roi_data.mat,2.0,0.464339017868042,0.03302839770913124,1712902,504.4982650919215,58.26884634887824
BG_04_before_roi_data.mat,2.5,0.46421870589256287,0.033362649381160736,1865507,549.4447697631476,58.26884634887824
BG_04_before_roi_data.mat,3.0,0.4640040099620819,0.03340323269367218,2023060,595.8486008988621,58.26884634887824
BG_04_before_roi_data.mat,3.5,0.464095801115036,0.03327404707670212,2186406,643.9586349870382,58.26884634887824
BG_04_before_roi_data.mat,4.0,0.46421825885772705,0.03339115530252457,2355052,693.6296695323258,58.26884634887824
BG_04_before_roi_data.mat,4.5,0.4636598825454712,0.03431559354066849,2528859,744.8207650887742,58.26884634887824
BG_04_before_roi_data.mat,5.0,0.46260377764701843,0.036216892302036285,2707894,797.5516550583884,58.26884634887824
BG_04_before_roi_data.mat,5.5,0.4612146019935608,0.03907270357012749,2892091,851.8029005675517,58.26884634887824
BG_04_before_roi_data.mat,6.0,0.45954403281211853,0.04253499582409859,3082210,907.7983431912459,58.26884634887824
BG_04_before_roi_data.mat,6.5,0.45747941732406616,0.046481892466545105,3276811,965.1138620505577,58.26884634887824
BG_04_before_roi_data.mat,7.0,0.4558177888393402,0.0497637614607811,3477653,1024.2675325802154,58.26884634887824
BG_04_before_roi_data.mat,7.5,0.4544326066970825,0.05239405483007431,3683737,1084.9651209204728,58.26884634887824
BG_04_before_roi_data.mat,8.0,0.4531343877315521,0.054400235414505005,3893490,1146.7433339167947,58.26884634887824
BG_04_before_roi_data.mat,8.5,0.45193254947662354,0.05592169985175133,4109937,1210.4931199432872,58.26884634887824
BG_09_before (2)_roi_data.mat,-8.5,0.4381847381591797,0.020289015024900436,80313,39.483938010742094,45.10063884931246
BG_09_before (2)_roi_data.mat,-8.0,0.43750596046447754,0.02218124084174633,111989,55.05667493288753,45.10063884931246
BG_09_before (2)_roi_data.mat,-7.5,0.4366362988948822,0.023830797523260117,146723,72.13280336620612,45.10063884931246
BG_09_before (2)_roi_data.mat,-7.0,0.4367012083530426,0.02319386415183544,185517,91.20493230160548,45.10063884931246
BG_09_before (2)_roi_data.mat,-6.5,0.4372568726539612,0.02252523973584175,227567,111.87779464458488,45.10063884931246
BG_09_before (2)_roi_data.mat,-6.0,0.43649908900260925,0.02342144027352333,273469,134.44439933584388,45.10063884931246
BG_09_before (2)_roi_data.mat,-5.5,0.4356095790863037,0.023972470313310623,322128,158.36641619070798,45.10063884931246
BG_09_before (2)_roi_data.mat,-5.0,0.4352569282054901,0.02389661595225334,374966,184.34293701064485,45.10063884931246
BG_09_before (2)_roi_data.mat,-4.5,0.4353258013725281,0.023621436208486557,431411,212.09275187270126,45.10063884931246
BG_09_before (2)_roi_data.mat,-4.0,0.4353376030921936,0.02391759864985943,490707,241.24419171786909,45.10063884931246
BG_09_before (2)_roi_data.mat,-3.5,0.435373991727829,0.024177776649594307,554034,272.37737491867426,45.10063884931246
BG_09_before (2)_roi_data.mat,-3.0,0.4353885054588318,0.02406115084886551,620325,304.96773681114627,45.10063884931246
BG_09_before (2)_roi_data.mat,-2.5,0.4352246820926666,0.023803645744919777,690523,339.4788804675664,45.10063884931246
BG_09_before (2)_roi_data.mat,-2.0,0.43482300639152527,0.02377377264201641,763289,375.25251902283964,45.10063884931246
BG_09_before (2)_roi_data.mat,-1.5,0.4341987371444702,0.024212947115302086,840963,413.43905670722927,45.10063884931246
BG_09_before (2)_roi_data.mat,-1.0,0.4334228038787842,0.025159398093819618,920744,452.66144982459525,45.10063884931246
BG_09_before (2)_roi_data.mat,-0.5,0.4329049289226532,0.025753894820809364,1005289,494.22594796459987,45.10063884931246
BG_09_before (2)_roi_data.mat,0.0,0.43261757493019104,0.02597237005829811,1091119,536.4221851797704,45.10063884931246
BG_09_before (2)_roi_data.mat,0.5,0.4321889877319336,0.026349028572440147,1180142,580.1881833809371,45.10063884931246
BG_09_before (2)_roi_data.mat,1.0,0.4314729869365692,0.026945676654577255,1274596,626.6242009729413,45.10063884931246
BG_09_before (2)_roi_data.mat,1.5,0.43068233132362366,0.027656318619847298,1370823,673.9318710009526,45.10063884931246
BG_09_before (2)_roi_data.mat,2.0,0.42975521087646484,0.028996417298913002,1471789,723.569355408117,45.10063884931246
BG_09_before (2)_roi_data.mat,2.5,0.42866915464401245,0.031190622597932816,1574182,773.908389745446,45.10063884931246
BG_09_before (2)_roi_data.mat,3.0,0.42725130915641785,0.03430243954062462,1680865,826.3564985049246,45.10063884931246
BG_09_before (2)_roi_data.mat,3.5,0.4255242347717285,0.03778757154941559,1790111,880.064644034559,45.10063884931246
BG_09_before (2)_roi_data.mat,4.0,0.4234330952167511,0.042098142206668854,1903290,935.7063535973667,45.10063884931246
BG_09_before (2)_roi_data.mat,4.5,0.4212627708911896,0.046432435512542725,2018710,992.4497964422344,45.10063884931246
BG_09_before (2)_roi_data.mat,5.0,0.41870832443237305,0.05214783549308777,2138366,1051.2757659193223,45.10063884931246
BG_09_before (2)_roi_data.mat,5.5,0.4158638119697571,0.05834438279271126,2260922,1111.5274500407534,45.10063884931246
BG_09_before (2)_roi_data.mat,6.0,0.41329580545425415,0.0633087158203125,2385517,1172.78155904488,45.10063884931246
BG_09_before (2)_roi_data.mat,6.5,0.41153186559677124,0.066108338534832,2514422,1236.1545749859445,45.10063884931246
BG_09_before (2)_roi_data.mat,7.0,0.4101529121398926,0.06800957769155502,2645996,1300.8397400255442,45.10063884931246
BG_09_before (2)_roi_data.mat,7.5,0.40875574946403503,0.06999851763248444,2781440,1367.4274966767334,45.10063884931246
BG_09_before (2)_roi_data.mat,8.0,0.40754997730255127,0.07166332006454468,2918931,1435.021611216533,45.10063884931246
BG_09_before (2)_roi_data.mat,8.5,0.40664732456207275,0.07265376299619675,3060839,1504.7872366473898,45.10063884931246
BG_13_before_roi_data.mat,-8.5,0.4773274064064026,0.0318169929087162,315928,140.52366836347983,47.415389211078946
BG_13_before_roi_data.mat,-8.0,0.4754737615585327,0.03223390877246857,388756,172.9173077989699,47.415389211078946
BG_13_before_roi_data.mat,-7.5,0.4743940234184265,0.03184410184621811,466180,207.35523194426267,47.415389211078946
BG_13_before_roi_data.mat,-7.0,0.4742853045463562,0.03119843080639839,548255,243.86190460680797,47.415389211078946
BG_13_before_roi_data.mat,-6.5,0.47428783774375916,0.030846109613776207,631863,281.0504503024532,47.415389211078946
BG_13_before_roi_data.mat,-6.0,0.474273681640625,0.030731581151485443,722968,321.5736353517519,47.415389211078946
BG_13_before_roi_data.mat,-5.5,0.47358420491218567,0.030862998217344284,818665,364.13932592485696,47.415389211078946
BG_13_before_roi_data.mat,-5.0,0.4726749062538147,0.031148787587881088,915482,407.2031885769391,47.415389211078946
BG_13_before_roi_data.mat,-4.5,0.4715290367603302,0.031361233443021774,1020218,453.78939470528934,47.415389211078946
BG_13_before_roi_data.mat,-4.0,0.47052261233329773,0.031420912593603134,1129468,502.38341223051714,47.415389211078946
BG_13_before_roi_data.mat,-3.5,0.46978452801704407,0.03135807812213898,1243368,553.0457334764983,47.415389211078946
BG_13_before_roi_data.mat,-3.0,0.46927371621131897,0.031232556328177452,1357836,603.9606991339608,47.415389211078946
BG_13_before_roi_data.mat,-2.5,0.46909716725349426,0.030992519110441208,1480792,658.6510974756717,47.415389211078946
BG_13_before_roi_data.mat,-2.0,0.46913737058639526,0.030819058418273926,1608240,715.3395216912802,47.415389211078946
BG_13_before_roi_data.mat,-1.5,0.4691111147403717,0.03091312386095524,1735988,772.1613848566147,47.415389211078946
BG_13_before_roi_data.mat,-1.0,0.46899542212486267,0.03100704587996006,1872478,832.8716590169657,47.415389211078946
BG_13_before_roi_data.mat,-0.5,0.4687209725379944,0.031149692833423615,2013653,895.6658047755382,47.415389211078946
BG_13_before_roi_data.mat,0.0,0.4684400260448456,0.031352449208498,2154514,958.3202844333973,47.415389211078946
BG_13_before_roi_data.mat,0.5,0.46803033351898193,0.03155782073736191,2299210,1022.6805586652542,47.415389211078946
BG_13_before_roi_data.mat,1.0,0.4674883782863617,0.031763434410095215,2452323,1090.7846850299243,47.415389211078946
BG_13_before_roi_data.mat,1.5,0.4667712152004242,0.03213576599955559,2608800,1160.3851068175222,47.415389211078946
BG_13_before_roi_data.mat,2.0,0.4659281075000763,0.03247198089957237,2764136,1229.478015799662,47.415389211078946
BG_13_before_roi_data.mat,2.5,0.46501991152763367,0.03285610303282738,2927661,1302.2133633128235,47.415389211078946
BG_13_before_roi_data.mat,3.0,0.4640176594257355,0.03346603363752365,3094782,1376.5481990367007,47.415389211078946
BG_13_before_roi_data.mat,3.5,0.4628135859966278,0.03433646634221077,3260530,1450.272329167332,47.415389211078946
BG_13_before_roi_data.mat,4.0,0.4613906443119049,0.03585844486951828,3434675,1527.7314155007946,47.415389211078946
BG_13_before_roi_data.mat,4.5,0.45985662937164307,0.03806094825267792,3612240,1606.7117058611339,47.415389211078946
BG_13_before_roi_data.mat,5.0,0.4584447145462036,0.040043555200099945,3793385,1687.284367688204,47.415389211078946
BG_13_before_roi_data.mat,5.5,0.4572676420211792,0.041482869535684586,3973189,1767.2605574099985,47.415389211078946
BG_13_before_roi_data.mat,6.0,0.45614245533943176,0.042914461344480515,4161358,1850.9574698466538,47.415389211078946
BG_13_before_roi_data.mat,6.5,0.454476535320282,0.045869749039411545,4353063,1936.22718270408,47.415389211078946
BG_13_before_roi_data.mat,7.0,0.45208868384361267,0.050550125539302826,4543363,2020.871956480289,47.415389211078946
BG_13_before_roi_data.mat,7.5,0.44938895106315613,0.05558353662490845,4742076,2109.258803203315,47.415389211078946
BG_13_before_roi_data.mat,8.0,0.4467969536781311,0.059919483959674835,4944181,2199.1543996512432,47.415389211078946
BG_13_before_roi_data.mat,8.5,0.44459909200668335,0.06381912529468536,5149671,2290.5556322485804,47.415389211078946
BG_12_before2_roi_data.mat,-8.5,0.4049183130264282,0.029871894046664238,265303,107.53284510258817,49.67072650449844
BG_12_before2_roi_data.mat,-8.0,0.4056336283683777,0.030816109851002693,318576,129.12550427775835,49.67072650449844
BG_12_before2_roi_data.mat,-7.5,0.4056415855884552,0.031762704253196716,375972,152.38930143613257,49.67072650449844
BG_12_before2_roi_data.mat,-7.0,0.4059429168701172,0.033027201890945435,438228,177.62295806537057,49.67072650449844
BG_12_before2_roi_data.mat,-6.5,0.40622925758361816,0.03410230576992035,504478,204.47546628445014,49.67072650449844
BG_12_before2_roi_data.mat,-6.0,0.4066527485847473,0.03536268323659897,575106,233.10246931082222,49.67072650449844
BG_12_before2_roi_data.mat,-5.5,0.4070883095264435,0.0370345376431942,651049,263.88375280790234,49.67072650449844
BG_12_before2_roi_data.mat,-5.0,0.4073619544506073,0.03841118514537811,730985,296.2834825739453,49.67072650449844
BG_12_before2_roi_data.mat,-4.5,0.40757331252098083,0.040098682045936584,815679,330.6117290812166,49.67072650449844
BG_12_before2_roi_data.mat,-4.0,0.407651424407959,0.04132939130067825,904887,366.76959403529435,49.67072650449844
BG_12_before2_roi_data.mat,-3.5,0.40751710534095764,0.042316876351833344,998321,404.6403450230903,49.67072650449844
BG_12_before2_roi_data.mat,-3.0,0.40748247504234314,0.04320688545703888,1095969,444.21911819405904,49.67072650449844
BG_12_before2_roi_data.mat,-2.5,0.40697625279426575,0.04413473978638649,1198841,485.915287635767,49.67072650449844
BG_12_before2_roi_data.mat,-2.0,0.40609994530677795,0.044919949024915695,1306363,529.4961991637953,49.67072650449844
BG_12_before2_roi_data.mat,-1.5,0.40523561835289,0.045539069920778275,1417562,574.5674755630923,49.67072650449844
BG_12_before2_roi_data.mat,-1.0,0.4045456051826477,0.04644373059272766,1534132,621.815730402309,49.67072650449844
BG_12_before2_roi_data.mat,-0.5,0.40383073687553406,0.047488000243902206,1654593,670.641088780853,49.67072650449844
BG_12_before2_roi_data.mat,0.0,0.40301352739334106,0.048438411206007004,1778515,720.8692627208497,49.67072650449844
BG_12_before2_roi_data.mat,0.5,0.4023233950138092,0.04939815029501915,1906508,772.7474979583538,49.67072650449844
BG_12_before2_roi_data.mat,1.0,0.4017309546470642,0.05031813681125641,2039377,826.6020778007822,49.67072650449844
BG_12_before2_roi_data.mat,1.5,0.4013209939002991,0.05127729848027229,2176784,882.2960037911079,49.67072650449844
BG_12_before2_roi_data.mat,2.0,0.4010545313358307,0.05197115242481232,2317098,939.1681975760426,49.67072650449844
BG_12_before2_roi_data.mat,2.5,0.40080422163009644,0.05247262120246887,2462217,997.9879581835083,49.67072650449844
BG_12_before2_roi_data.mat,3.0,0.4005180597305298,0.052813995629549026,2611054,1058.3147018182729,49.67072650449844
BG_12_before2_roi_data.mat,3.5,0.4001935124397278,0.053066663444042206,2762829,1119.8322781948887,49.67072650449844
BG_12_before2_roi_data.mat,4.0,0.3998602330684662,0.053300198167562485,2918798,1183.0497703371018,49.67072650449844
BG_12_before2_roi_data.mat,4.5,0.39929938316345215,0.054031308740377426,3079030,1247.995145385548,49.67072650449844
BG_12_before2_roi_data.mat,5.0,0.3982608914375305,0.05571109801530838,3243124,1314.5058696678368,49.67072650449844
BG_12_before2_roi_data.mat,5.5,0.39677393436431885,0.05810672044754028,3410718,1382.4352170258508,49.67072650449844
BG_12_before2_roi_data.mat,6.0,0.39522784948349,0.060535311698913574,3582997,1452.2634927009422,49.67072650449844
BG_12_before2_roi_data.mat,6.5,0.39406511187553406,0.0623604990541935,3757770,1523.1026386477074,49.67072650449844
BG_12_before2_roi_data.mat,7.0,0.3933514952659607,0.06344271451234818,3936560,1595.5699585645261,49.67072650449844
BG_12_before2_roi_data.mat,7.5,0.39330756664276123,0.06401336938142776,4120191,1669.9994368555117,49.67072650449844
BG_12_before2_roi_data.mat,8.0,0.39328959584236145,0.06457310169935226,4306984,1745.710539765195,49.67072650449844
BG_12_before2_roi_data.mat,8.5,0.3932780921459198,0.06512697041034698,4498568,1823.3635350051068,49.67072650449844
BG_01_roi_data.mat,-8.5,0.47307300567626953,0.039787229150533676,296556,86.03190078729892,58.71155708987202
BG_01_roi_data.mat,-8.0,0.47407129406929016,0.04024045169353485,363630,105.49029553705036,58.71155708987202
BG_01_roi_data.mat,-7.5,0.47494956851005554,0.03921138122677803,436048,126.49900280048328,58.71155708987202
BG_01_roi_data.mat,-7.0,0.47483715415000916,0.03865467384457588,516092,149.7200385125193,58.71155708987202
BG_01_roi_data.mat,-6.5,0.4743940234184265,0.037966009229421616,601293,174.43713740439355,58.71155708987202
BG_01_roi_data.mat,-6.0,0.47367358207702637,0.03703103959560394,692907,201.01466933336346,58.71155708987202
BG_01_roi_data.mat,-5.5,0.4723586142063141,0.036947283893823624,792487,229.90316486337878,58.71155708987202
BG_01_roi_data.mat,-5.0,0.4708516001701355,0.03742700070142746,897078,260.24536847836004,58.71155708987202
BG_01_roi_data.mat,-4.5,0.4693518579006195,0.03805629909038544,1007698,292.3366054288551,58.71155708987202
BG_01_roi_data.mat,-4.0,0.46812400221824646,0.03798898309469223,1126773,326.88066653787877,58.71155708987202
BG_01_roi_data.mat,-3.5,0.46745842695236206,0.037466563284397125,1250403,362.7461485862398,58.71155708987202
BG_01_roi_data.mat,-3.0,0.4669581353664398,0.03757551312446594,1380599,400.5164494902956,58.71155708987202
BG_01_roi_data.mat,-2.5,0.46685782074928284,0.03735337406396866,1519175,440.7178167986648,58.71155708987202
BG_01_roi_data.mat,-2.0,0.467130184173584,0.036564748734235764,1661776,482.08685024991723,58.71155708987202
BG_01_roi_data.mat,-1.5,0.4670349061489105,0.03643728420138359,1810879,525.3421359399341,58.71155708987202
BG_01_roi_data.mat,-1.0,0.4669134318828583,0.03644191846251488,1969121,571.2486765069223,58.71155708987202
BG_01_roi_data.mat,-0.5,0.4668956398963928,0.03604155406355858,2131194,618.2666031592237,58.71155708987202
BG_01_roi_data.mat,0.0,0.4668677747249603,0.03559689223766327,2298895,666.9172316878348,58.71155708987202
BG_01_roi_data.mat,0.5,0.466783344745636,0.035338353365659714,2472336,717.2330536723839,58.71155708987202
BG_01_roi_data.mat,1.0,0.46665507555007935,0.03508583828806877,2651903,769.3260490212316,58.71155708987202
BG_01_roi_data.mat,1.5,0.46653321385383606,0.03471237048506737,2839711,823.8097864032474,58.71155708987202
BG_01_roi_data.mat,2.0,0.4664823114871979,0.034242890775203705,3029890,878.9813589218533,58.71155708987202
BG_01_roi_data.mat,2.5,0.4664238393306732,0.03366547077894211,3225288,935.6669810304487,58.71155708987202
BG_01_roi_data.mat,3.0,0.46629223227500916,0.03304668888449669,3429006,994.7662633399855,58.71155708987202
BG_01_roi_data.mat,3.5,0.4658152461051941,0.03286157175898552,3635695,1054.727442819834,58.71155708987202
BG_01_roi_data.mat,4.0,0.464939683675766,0.03331344202160835,3847518,1116.1780131015619,58.71155708987202
BG_01_roi_data.mat,4.5,0.46362975239753723,0.03472216799855232,4067403,1179.9673969097303,58.71155708987202
BG_01_roi_data.mat,5.0,0.46198588609695435,0.037319473922252655,4289690,1244.4536090595648,58.71155708987202
BG_01_roi_data.mat,5.5,0.46000492572784424,0.04149451479315758,4517883,1310.653171828,58.71155708987202
BG_01_roi_data.mat,6.0,0.45792829990386963,0.045588843524456024,4753896,1379.1213431026085,58.71155708987202
BG_01_roi_data.mat,6.5,0.4558371305465698,0.04955006390810013,4992655,1448.3861382848834,58.71155708987202
BG_01_roi_data.mat,7.0,0.45342639088630676,0.05424179136753082,5236688,1519.1809387435724,58.71155708987202
BG_01_roi_data.mat,7.5,0.4514246881008148,0.05724232643842697,5488658,1592.27828980501,58.71155708987202
BG_01_roi_data.mat,8.0,0.4494626522064209,0.06013691425323486,5743544,1666.2215823503352,58.71155708987202
BG_01_roi_data.mat,8.5,0.4477548897266388,0.062258247286081314,6006462,1742.4949853204153,58.71155708987202
BG_11_before_roi_data.mat,-8.5,0.46477922797203064,0.017621049657464027,248033,66.14421988817287,61.236277681140194
BG_11_before_roi_data.mat,-8.0,0.46464020013809204,0.01743372343480587,324773,86.60886545637705,61.236277681140194
BG_11_before_roi_data.mat,-7.5,0.46416735649108887,0.017785705626010895,408115,108.83409989663339,61.236277681140194
BG_11_before_roi_data.mat,-7.0,0.4640142619609833,0.017966311424970627,500385,133.44020944287004,61.236277681140194
BG_11_before_roi_data.mat,-6.5,0.46382343769073486,0.017707886174321175,599697,159.92424489595177,61.236277681140194
BG_11_before_roi_data.mat,-6.0,0.46341079473495483,0.017757004126906395,707536,188.6822187483048,61.236277681140194
BG_11_before_roi_data.mat,-5.5,0.46265909075737,0.018425308167934418,822389,219.3106516052888,61.236277681140194
BG_11_before_roi_data.mat,-5.0,0.46176469326019287,0.019223051145672798,943825,251.69460650782258,61.236277681140194
BG_11_before_roi_data.mat,-4.5,0.46093735098838806,0.019695568829774857,1073049,286.1554269261913,61.236277681140194
BG_11_before_roi_data.mat,-4.0,0.46006813645362854,0.02055356279015541,1208246,322.2090975918741,61.236277681140194
BG_11_before_roi_data.mat,-3.5,0.45954054594039917,0.020790021866559982,1349864,359.9750889402966,61.236277681140194
BG_11_before_roi_data.mat,-3.0,0.45927464962005615,0.020620768889784813,1499404,399.85368026515005,61.236277681140194
BG_11_before_roi_data.mat,-2.5,0.45902538299560547,0.0205366350710392,1653528,440.95471015248256,61.236277681140194
BG_11_before_roi_data.mat,-2.0,0.458800345659256,0.020405489951372147,1816500,484.4152811394694,61.236277681140194
BG_11_before_roi_data.mat,-1.5,0.45852503180503845,0.020325470715761185,1986337,529.7065765443051,61.236277681140194
BG_11_before_roi_data.mat,-1.0,0.4582260549068451,0.020329562947154045,2161069,576.3032464612122,61.236277681140194
BG_11_before_roi_data.mat,-0.5,0.4579169750213623,0.020213590934872627,2343332,624.9082463986321,61.236277681140194
BG_11_before_roi_data.mat,0.0,0.4576278626918793,0.020120374858379364,2530776,674.8948899207387,61.236277681140194
BG_11_before_roi_data.mat,0.5,0.45717063546180725,0.020185023546218872,2724380,726.5242519299464,61.236277681140194
BG_11_before_roi_data.mat,1.0,0.4566859006881714,0.020364802330732346,2925367,780.1224760479638,61.236277681140194
BG_11_before_roi_data.mat,1.5,0.456068754196167,0.021049823611974716,3131257,835.0282080786852,61.236277681140194
BG_11_before_roi_data.mat,2.0,0.4553319215774536,0.021880242973566055,3345096,892.0537403129725,61.236277681140194
BG_11_before_roi_data.mat,2.5,0.4547175467014313,0.022236492484807968,3564682,950.611854226703,61.236277681140194
BG_11_before_roi_data.mat,3.0,0.45412689447402954,0.02261141501367092,3787524,1010.0382621979013,61.236277681140194
BG_11_before_roi_data.mat,3.5,0.4535904824733734,0.023056408390402794,4018901,1071.7407419690035,61.236277681140194
BG_11_before_roi_data.mat,4.0,0.4529207944869995,0.02435808628797531,4254532,1134.57765752649,61.236277681140194
BG_11_before_roi_data.mat,4.5,0.45211660861968994,0.026479795575141907,4496503,1199.1052930853111,61.236277681140194
BG_11_before_roi_data.mat,5.0,0.45110225677490234,0.028840040788054466,4745353,1265.467386513088,61.236277681140194
BG_11_before_roi_data.mat,5.5,0.44989538192749023,0.0313144251704216,4998500,1332.97538275565,61.236277681140194
BG_11_before_roi_data.mat,6.0,0.4487411081790924,0.03330089896917343,5257989,1402.1746323497043,61.236277681140194
BG_11_before_roi_data.mat,6.5,0.44759249687194824,0.035025455057621,5524363,1473.209939863189,61.236277681140194
BG_11_before_roi_data.mat,7.0,0.44653433561325073,0.03641263768076897,5795171,1545.4276846772916,61.236277681140194
BG_11_before_roi_data.mat,7.5,0.4454742670059204,0.03766860440373421,6073317,1619.6022912216456,61.236277681140194
BG_11_before_roi_data.mat,8.0,0.44439584016799927,0.03883342444896698,6354681,1694.6350581704623,61.236277681140194
BG_11_before_roi_data.mat,8.5,0.44330376386642456,0.04000816494226456,6644586,1771.9454969696574,61.236277681140194
BG_14_before2_roi_data.mat,-8.5,0.4891098141670227,0.037119243294000626,173423,96.04411874677353,42.49305538291862
BG_14_before2_roi_data.mat,-8.0,0.4897823929786682,0.03799496218562126,212221,117.53100179652657,42.49305538291862
BG_14_before2_roi_data.mat,-7.5,0.4907359480857849,0.03738895803689957,253453,140.36586859139788,42.49305538291862
BG_14_before2_roi_data.mat,-7.0,0.49141016602516174,0.036792658269405365,298081,165.08148838479903,42.49305538291862
BG_14_before2_roi_data.mat,-6.5,0.49208366870880127,0.03628276661038399,346096,191.67287684899543,42.49305538291862
BG_14_before2_roi_data.mat,-6.0,0.4926730990409851,0.036106523126363754,398600,220.7503372243816,42.49305538291862
BG_14_before2_roi_data.mat,-5.5,0.4927106201648712,0.03728623688220978,453343,251.06778757730265,42.49305538291862
BG_14_before2_roi_data.mat,-5.0,0.49312281608581543,0.03799350559711456,511444,283.2449459894296,42.49305538291862
BG_14_before2_roi_data.mat,-4.5,0.493608683347702,0.03826923668384552,572648,317.1405898416149,42.49305538291862
BG_14_before2_roi_data.mat,-4.0,0.4935765266418457,0.03874048590660095,639097,353.940989134698,42.49305538291862
BG_14_before2_roi_data.mat,-3.5,0.49344611167907715,0.03912416845560074,707291,391.7077941941046,42.49305538291862
BG_14_before2_roi_data.mat,-3.0,0.49333420395851135,0.039438262581825256,778559,431.1770240819803,42.49305538291862
BG_14_before2_roi_data.mat,-2.5,0.4928354322910309,0.04032653197646141,853597,472.73413347646886,42.49305538291862
BG_14_before2_roi_data.mat,-2.0,0.4919823706150055,0.041877735406160355,933447,516.9561967664008,42.49305538291862
BG_14_before2_roi_data.mat,-1.5,0.4912719428539276,0.04289675131440163,1014961,562.0998068730446,42.49305538291862
BG_14_before2_roi_data.mat,-1.0,0.49080413579940796,0.04348107799887657,1100127,609.2659464115586,42.49305538291862
BG_14_before2_roi_data.mat,-0.5,0.49034011363983154,0.044042859226465225,1188244,658.0663916328352,42.49305538291862
BG_14_before2_roi_data.mat,0.0,0.48976394534111023,0.04455745965242386,1279535,708.6246431018543,42.49305538291862
BG_14_before2_roi_data.mat,0.5,0.4893324375152588,0.044962476938962936,1373836,760.8498752910074,42.49305538291862
BG_14_before2_roi_data.mat,1.0,0.4889273941516876,0.04536711424589157,1471084,814.707197906152,42.49305538291862
BG_14_before2_roi_data.mat,1.5,0.4885536730289459,0.04563644900918007,1571596,870.3721700463855,42.49305538291862
BG_14_before2_roi_data.mat,2.0,0.4883285462856293,0.04576806351542473,1674598,927.4161395265304,42.49305538291862
BG_14_before2_roi_data.mat,2.5,0.4882153868675232,0.04580548778176308,1782388,987.111771361493,42.49305538291862
BG_14_before2_roi_data.mat,3.0,0.48807471990585327,0.046210262924432755,1891362,1047.4631192006545,42.49305538291862
BG_14_before2_roi_data.mat,3.5,0.4877496361732483,0.04688625782728195,2002575,1109.0544570173508,42.49305538291862
BG_14_before2_roi_data.mat,4.0,0.4873359799385071,0.0476413257420063,2116943,1172.3930786121277,42.49305538291862
BG_14_before2_roi_data.mat,4.5,0.486870139837265,0.04828565567731857,2236506,1238.6087649381657,42.49305538291862
BG_14_before2_roi_data.mat,5.0,0.48640039563179016,0.04882434755563736,2356135,1304.8610030009243,42.49305538291862
BG_14_before2_roi_data.mat,5.5,0.48591354489326477,0.04939047992229462,2478975,1372.8915384365564,42.49305538291862
BG_14_before2_roi_data.mat,6.0,0.4853837490081787,0.04993349686264992,2604653,1442.4937985511722,42.49305538291862
BG_14_before2_roi_data.mat,6.5,0.4848434329032898,0.05041616037487984,2735075,1514.7233531961253,42.49305538291862
BG_14_before2_roi_data.mat,7.0,0.48434513807296753,0.05097317695617676,2866379,1587.4413719590711,42.49305538291862
BG_14_before2_roi_data.mat,7.5,0.48357945680618286,0.05220024660229683,3000485,1661.7111780900618,42.49305538291862
BG_14_before2_roi_data.mat,8.0,0.48255252838134766,0.05395564064383507,3137197,1737.4242240073215,42.49305538291862
BG_14_before2_roi_data.mat,8.5,0.48134392499923706,0.05588383227586746,3278904,1815.903571817295,42.49305538291862
BG_15_before_roi_data.mat,-8.5,0.3302531838417053,0.09966742992401123,828209,382.815436599312,46.51309641893981
BG_15_before_roi_data.mat,-8.0,0.33455678820610046,0.09874517470598221,934727,432.0502730665389,46.51309641893981
BG_15_before_roi_data.mat,-7.5,0.3381933867931366,0.09819234907627106,1047790,484.3103447492036,46.51309641893981
BG_15_before_roi_data.mat,-7.0,0.34118935465812683,0.09826833754777908,1163066,537.5933110891278,46.51309641893981
BG_15_before_roi_data.mat,-6.5,0.3433956205844879,0.09868542850017548,1283158,593.1023328603046,46.51309641893981
BG_15_before_roi_data.mat,-6.0,0.3454350233078003,0.09883593767881393,1406876,650.2873672962908,46.51309641893981
BG_15_before_roi_data.mat,-5.5,0.34770235419273376,0.09871859103441238,1537763,710.7860627344884,46.51309641893981
BG_15_before_roi_data.mat,-5.0,0.35005974769592285,0.09855790436267853,1671002,772.3719015228326,46.51309641893981
BG_15_before_roi_data.mat,-4.5,0.3529183566570282,0.0985894501209259,1808012,835.700774993746,46.51309641893981
BG_15_before_roi_data.mat,-4.0,0.3561508059501648,0.09848485887050629,1949432,901.0680422461843,46.51309641893981
BG_15_before_roi_data.mat,-3.5,0.35972338914871216,0.09797361493110657,2097761,969.6287930896783,46.51309641893981
BG_15_before_roi_data.mat,-3.0,0.36309874057769775,0.0974155068397522,2248502,1039.3044205320473,46.51309641893981
BG_15_before_roi_data.mat,-2.5,0.36606067419052124,0.09695608913898468,2403021,1110.7263182026704,46.51309641893981
BG_15_before_roi_data.mat,-2.0,0.3687964677810669,0.09672534465789795,2562185,1184.2952315456707,46.51309641893981
BG_15_before_roi_data.mat,-1.5,0.3714097738265991,0.09678517282009125,2728860,1261.3358854086332,46.51309641893981
BG_15_before_roi_data.mat,-1.0,0.3739187717437744,0.09685146063566208,2896502,1338.8235067969324,46.51309641893981
BG_15_before_roi_data.mat,-0.5,0.3762303292751312,0.09677581489086151,3068480,1418.3153176266583,46.51309641893981
BG_15_before_roi_data.mat,0.0,0.3786449134349823,0.0965939313173294,3244345,1499.6037807531613,46.51309641893981
BG_15_before_roi_data.mat,0.5,0.3809731900691986,0.09618757665157318,3423964,1582.6274208084274,46.51309641893981
BG_15_before_roi_data.mat,1.0,0.38296228647232056,0.09584495425224304,3607398,1667.4144332619967,46.51309641893981
BG_15_before_roi_data.mat,1.5,0.3848172426223755,0.09550583362579346,3794244,1753.7785431265781,46.51309641893981
BG_15_before_roi_data.mat,2.0,0.3865162134170532,0.09511721879243851,3988147,1843.4045452624114,46.51309641893981
BG_15_before_roi_data.mat,2.5,0.3882093131542206,0.09468364715576172,4182068,1933.0388673728633,46.51309641893981
BG_15_before_roi_data.mat,3.0,0.38992777466773987,0.09434753656387329,4379034,2024.0806518562727,46.51309641893981
BG_15_before_roi_data.mat,3.5,0.39169809222221375,0.09398019313812256,4580033,2116.9865728750315,46.51309641893981
BG_15_before_roi_data.mat,4.0,0.39351269602775574,0.09358137845993042,4786783,2212.550725784391,46.51309641893981
BG_15_before_roi_data.mat,4.5,0.39529553055763245,0.09309336543083191,4993841,2308.257242703889,46.51309641893981
BG_15_before_roi_data.mat,5.0,0.3969822824001312,0.09253832697868347,5204223,2405.5001816029308,46.51309641893981
BG_15_before_roi_data.mat,5.5,0.3984760046005249,0.09201350063085556,5418714,2504.6423858190437,46.51309641893981
BG_15_before_roi_data.mat,6.0,0.3997834324836731,0.09160219877958298,5639439,2606.6660745780205,46.51309641893981
BG_15_before_roi_data.mat,6.5,0.40078631043434143,0.09153473377227783,5859570,2708.4152041745874,46.51309641893981
BG_15_before_roi_data.mat,7.0,0.40161558985710144,0.09191103279590607,6084201,2812.2443274257716,46.51309641893981
BG_15_before_roi_data.mat,7.5,0.40255847573280334,0.09218570590019226,6311539,2917.324682415411,46.51309641893981
BG_15_before_roi_data.mat,8.0,0.4037337899208069,0.09218040108680725,6545648,3025.5347345240316,46.51309641893981
BG_15_before_roi_data.mat,8.5,0.4048394560813904,0.09202929586172104,6779770,3133.7507955032097,46.51309641893981
S2-04_before_roi_data.mat,-8.5,0.41107866168022156,0.04219817370176315,73526,194.2929441536536,19.45324046951633
S2-04_before_roi_data.mat,-8.0,0.41098469495773315,0.042815133929252625,84269,222.68139312466656,19.45324046951633
S2-04_before_roi_data.mat,-7.5,0.410892128944397,0.0432647205889225,95853,253.292190190683,19.45324046951633
S2-04_before_roi_data.mat,-7.0,0.41068029403686523,0.043480005115270615,108054,285.533413861476,19.45324046951633
S2-04_before_roi_data.mat,-6.5,0.41040921211242676,0.04356423020362854,120987,319.70895240211746,19.45324046951633
S2-04_before_roi_data.mat,-6.0,0.40996554493904114,0.04395418241620064,134782,356.16233167747106,19.45324046951633
S2-04_before_roi_data.mat,-5.5,0.40959444642066956,0.04457839950919151,149176,394.19857243785094,19.45324046951633
S2-04_before_roi_data.mat,-5.0,0.4091402590274811,0.045045156031847,164551,434.827112224626,19.45324046951633
S2-04_before_roi_data.mat,-4.5,0.409125953912735,0.04563169553875923,180464,476.8773205906066,19.45324046951633
S2-04_before_roi_data.mat,-4.0,0.40900352597236633,0.04610023275017738,196759,519.9369664979562,19.45324046951633
S2-04_before_roi_data.mat,-3.5,0.4092331826686859,0.04646463319659233,214048,565.6232640181873,19.45324046951633
S2-04_before_roi_data.mat,-3.0,0.40946242213249207,0.04680625721812248,232135,613.4182818473516,19.45324046951633
S2-04_before_roi_data.mat,-2.5,0.41024380922317505,0.04724850133061409,251024,663.3325900120602,19.45324046951633
S2-04_before_roi_data.mat,-2.0,0.41107240319252014,0.04761411249637604,270580,715.0094501141853,19.45324046951633
S2-04_before_roi_data.mat,-1.5,0.41224145889282227,0.047970112413167953,290786,768.4039395406294,19.45324046951633
S2-04_before_roi_data.mat,-1.0,0.41333648562431335,0.048097673803567886,312097,824.7183988184156,19.45324046951633
S2-04_before_roi_data.mat,-0.5,0.41436153650283813,0.048289891332387924,334038,882.6976372874648,19.45324046951633
S2-04_before_roi_data.mat,0.0,0.415176659822464,0.04865601658821106,355387,939.1125118180574,19.45324046951633
S2-04_before_roi_data.mat,0.5,0.41595685482025146,0.04888775944709778,377337,997.1155328469818,19.45324046951633
S2-04_before_roi_data.mat,1.0,0.41676902770996094,0.04917380213737488,401221,1060.2291617424182,19.45324046951633
S2-04_before_roi_data.mat,1.5,0.41792893409729004,0.04966144636273384,425809,1125.2031153214248,19.45324046951633
S2-04_before_roi_data.mat,2.0,0.4193274676799774,0.050339169800281525,450577,1190.6527200979351,19.45324046951633
S2-04_before_roi_data.mat,2.5,0.4208003878593445,0.050794705748558044,476053,1257.9732195846266,19.45324046951633
S2-04_before_roi_data.mat,3.0,0.4220468997955322,0.05124405771493912,502171,1326.9902083424147,19.45324046951633
S2-04_before_roi_data.mat,3.5,0.4232071042060852,0.051691122353076935,528799,1397.3548754931298,19.45324046951633
S2-04_before_roi_data.mat,4.0,0.4243727922439575,0.052100613713264465,555959,1469.1253561831338,19.45324046951633
S2-04_before_roi_data.mat,4.5,0.42583000659942627,0.05256813019514084,583302,1541.3794155905998,19.45324046951633
S2-04_before_roi_data.mat,5.0,0.42726534605026245,0.052838630974292755,611690,1616.3948944502401,19.45324046951633
S2-04_before_roi_data.mat,5.5,0.4286007583141327,0.05307457968592644,641027,1693.9181121233862,19.45324046951633
S2-04_before_roi_data.mat,6.0,0.42986369132995605,0.053252387791872025,670534,1771.890555927508,19.45324046951633
S2-04_before_roi_data.mat,6.5,0.43106719851493835,0.053556956350803375,700861,1852.0298551869244,19.45324046951633
S2-04_before_roi_data.mat,7.0,0.4320519268512726,0.05390370264649391,731576,1933.1944470276267,19.45324046951633
S2-04_before_roi_data.mat,7.5,0.4330856502056122,0.054239727556705475,762832,2015.7886349674927,19.45324046951633
S2-04_before_roi_data.mat,8.0,0.4341380298137665,0.054582271724939346,794951,2100.6633061487237,19.45324046951633
S2-04_before_roi_data.mat,8.5,0.4349804222583771,0.054803356528282166,827410,2186.4364295919063,19.45324046951633
S2-03_before1_roi_data.mat,-8.5,0.5081764459609985,0.05145671218633652,280714,650.9306366816552,20.766565683924703
S2-03_before1_roi_data.mat,-8.0,0.507317304611206,0.05205582454800606,303480,703.7213306787289,20.766565683924703
S2-03_before1_roi_data.mat,-7.5,0.5064449310302734,0.05255213752388954,327152,758.6128930216407,20.766565683924703
S2-03_before1_roi_data.mat,-7.0,0.5055592656135559,0.05302228406071663,351355,814.7357589977092,20.766565683924703
S2-03_before1_roi_data.mat,-6.5,0.5050527453422546,0.053325898945331573,376674,873.4464495587173,20.766565683924703
S2-03_before1_roi_data.mat,-6.0,0.5047412514686584,0.053571153432130814,402418,933.1426467940976,20.766565683924703
S2-03_before1_roi_data.mat,-5.5,0.5044904351234436,0.053845152258872986,429267,995.4011613828454,20.766565683924703
S2-03_before1_roi_data.mat,-5.0,0.5039860606193542,0.05432485416531563,457402,1060.6417032262816,20.766565683924703
S2-03_before1_roi_data.mat,-4.5,0.5034082531929016,0.05472316965460777,485366,1125.4857235607353,20.766565683924703
S2-03_before1_roi_data.mat,-4.0,0.5028738379478455,0.0549585185945034,515052,1194.3227850558214,20.766565683924703
S2-03_before1_roi_data.mat,-3.5,0.5022925734519958,0.05508548021316528,544719,1263.115788605465,20.766565683924703
S2-03_before1_roi_data.mat,-3.0,0.5017217397689819,0.05541638284921646,576063,1335.7974855502196,20.766565683924703
S2-03_before1_roi_data.mat,-2.5,0.5013698935508728,0.05569719523191452,608023,1409.907587463005,20.766565683924703
S2-03_before1_roi_data.mat,-2.0,0.5010133981704712,0.055871397256851196,640669,1485.608413090189,20.766565683924703
S2-03_before1_roi_data.mat,-1.5,0.5004454851150513,0.05601953715085983,673857,1562.5660495821016,20.766565683924703
S2-03_before1_roi_data.mat,-1.0,0.4999123811721802,0.05612558871507645,708283,1642.3944090454797,20.766565683924703
S2-03_before1_roi_data.mat,-0.5,0.4993969202041626,0.056279681622982025,743063,1723.0436375976287,20.766565683924703
S2-03_before1_roi_data.mat,0.0,0.4990043044090271,0.05641379952430725,777965,1803.9757645363034,20.766565683924703
S2-03_before1_roi_data.mat,0.5,0.49861064553260803,0.05653113126754761,813558,1886.5102093855455,20.766565683924703
S2-03_before1_roi_data.mat,1.0,0.49796268343925476,0.05669126659631729,850509,1972.1936379143108,20.766565683924703
S2-03_before1_roi_data.mat,1.5,0.4973040521144867,0.05684839189052582,888622,2060.571557632771,20.766565683924703
S2-03_before1_roi_data.mat,2.0,0.49672096967697144,0.05702309310436249,926957,2149.4642596611393,20.766565683924703
S2-03_before1_roi_data.mat,2.5,0.496195912361145,0.05718083679676056,966278,2240.6433371740504,20.766565683924703
S2-03_before1_roi_data.mat,3.0,0.49561387300491333,0.05724112689495087,1006427,2333.742413572562,20.766565683924703
S2-03_before1_roi_data.mat,3.5,0.49489784240722656,0.05726758390665054,1047517,2429.023517690095,20.766565683924703
S2-03_before1_roi_data.mat,4.0,0.49416404962539673,0.057271186262369156,1088235,2523.4420136126487,20.766565683924703
S2-03_before1_roi_data.mat,4.5,0.49330759048461914,0.05732865631580353,1130677,2621.8581883743022,20.766565683924703
S2-03_before1_roi_data.mat,5.0,0.49249452352523804,0.05732894316315651,1172635,2719.152044946788,20.766565683924703
S2-03_before1_roi_data.mat,5.5,0.49166491627693176,0.05741023272275925,1216565,2821.018652488361,20.766565683924703
S2-03_before1_roi_data.mat,6.0,0.49085718393325806,0.057506415992975235,1260573,2923.066129490172,20.766565683924703
S2-03_before1_roi_data.mat,6.5,0.49014726281166077,0.05755951255559921,1304828,3025.686359782735,20.766565683924703
S2-03_before1_roi_data.mat,7.0,0.4894888401031494,0.057599302381277084,1350327,3131.191226082167,20.766565683924703
S2-03_before1_roi_data.mat,7.5,0.4888225495815277,0.05768958851695061,1396032,3237.173773263765,20.766565683924703
S2-03_before1_roi_data.mat,8.0,0.4882236123085022,0.05775502696633339,1442867,3345.7766087795753,20.766565683924703
S2-03_before1_roi_data.mat,8.5,0.4876282811164856,0.057862479239702225,1490289,3455.7406029256367,20.766565683924703
BG_17_before2_roi_data.mat,-8.5,0.3891304135322571,0.08765678107738495,888407,478.9680940280258,43.06780061178261
BG_17_before2_roi_data.mat,-8.0,0.388345867395401,0.08855047821998596,968313,522.0479262686581,43.06780061178261
BG_17_before2_roi_data.mat,-7.5,0.3877875506877899,0.08944611251354218,1051202,566.7359874229365,43.06780061178261
BG_17_before2_roi_data.mat,-7.0,0.38778775930404663,0.09016554802656174,1138442,613.7698092219599,43.06780061178261
BG_17_before2_roi_data.mat,-6.5,0.3880345821380615,0.09083659201860428,1228945,662.5628167216964,43.06780061178261
BG_17_before2_roi_data.mat,-6.0,0.3886142373085022,0.09136814624071121,1321699,712.5694089631753,43.06780061178261
BG_17_before2_roi_data.mat,-5.5,0.3888307213783264,0.09154520183801651,1418681,764.8554486893661,43.06780061178261
BG_17_before2_roi_data.mat,-5.0,0.3887697756290436,0.09169302135705948,1517872,818.3324296392392,43.06780061178261
BG_17_before2_roi_data.mat,-4.5,0.38885292410850525,0.09178729355335236,1621544,874.225258313567,43.06780061178261
BG_17_before2_roi_data.mat,-4.0,0.3894091546535492,0.0919194221496582,1727921,931.5764373772386,43.06780061178261
BG_17_before2_roi_data.mat,-3.5,0.3898651599884033,0.09184011816978455,1838156,991.0075853141407,43.06780061178261
BG_17_before2_roi_data.mat,-3.0,0.39007124304771423,0.09162738919258118,1951101,1051.8997792972987,43.06780061178261
BG_17_before2_roi_data.mat,-2.5,0.3901272714138031,0.09121213108301163,2067129,1114.454115332341,43.06780061178261
BG_17_before2_roi_data.mat,-2.0,0.39029696583747864,0.0904623419046402,2187081,1179.1240029118508,43.06780061178261
BG_17_before2_roi_data.mat,-1.5,0.39071616530418396,0.08958283811807632,2310329,1245.5708675276926,43.06780061178261
BG_17_before2_roi_data.mat,-1.0,0.3912856876850128,0.08882111310958862,2436511,1313.5995436194437,43.06780061178261
BG_17_before2_roi_data.mat,-0.5,0.3920663297176361,0.08817479014396667,2566975,1383.9367802905556,43.06780061178261
BG_17_before2_roi_data.mat,0.0,0.3927828371524811,0.08767592161893845,2698198,1454.6832176808953,43.06780061178261
BG_17_before2_roi_data.mat,0.5,0.3931216895580292,0.08722665905952454,2832408,1527.0400405104108,43.06780061178261
BG_17_before2_roi_data.mat,1.0,0.39330944418907166,0.08689677715301514,2972125,1602.365859862705,43.06780061178261
BG_17_before2_roi_data.mat,1.5,0.3935670554637909,0.08664306998252869,3113748,1678.7192636298198,43.06780061178261
BG_17_before2_roi_data.mat,2.0,0.39398765563964844,0.08629714697599411,3258618,1756.8232269955295,43.06780061178261
BG_17_before2_roi_data.mat,2.5,0.3944997191429138,0.08597394078969955,3406436,1836.5165496765019,43.06780061178261
BG_17_before2_roi_data.mat,3.0,0.3950755000114441,0.08557123690843582,3556453,1917.3954222673328,43.06780061178261
BG_17_before2_roi_data.mat,3.5,0.39572039246559143,0.08520184457302094,3709625,1999.9752543695797,43.06780061178261
BG_17_before2_roi_data.mat,4.0,0.396283358335495,0.08481507003307343,3866412,2084.5040464191384,43.06780061178261
BG_17_before2_roi_data.mat,4.5,0.396695077419281,0.08438896387815475,4025387,2170.212457933349,43.06780061178261
BG_17_before2_roi_data.mat,5.0,0.397233784198761,0.0840083435177803,4188068,2257.918890350668,43.06780061178261
BG_17_before2_roi_data.mat,5.5,0.39781075716018677,0.08366204798221588,4352073,2346.339132718261,43.06780061178261
BG_17_before2_roi_data.mat,6.0,0.3984457552433014,0.08328741043806076,4520518,2437.1531184236314,43.06780061178261
BG_17_before2_roi_data.mat,6.5,0.3990708887577057,0.08284270763397217,4690450,2528.768792494604,43.06780061178261
BG_17_before2_roi_data.mat,7.0,0.39963608980178833,0.08238327503204346,4864899,2622.819723019797,43.06780061178261
BG_17_before2_roi_data.mat,7.5,0.4001936614513397,0.0819915384054184,5042385,2718.5079955532847,43.06780061178261
BG_17_before2_roi_data.mat,8.0,0.40063273906707764,0.08160723000764847,5221154,2814.8879736503686,43.06780061178261
BG_17_before2_roi_data.mat,8.5,0.4011857807636261,0.08117794990539551,5403124,2912.993711302458,43.06780061178261
MRG3_roi_data.mat,-8.5,0.4691294729709625,0.024109598249197006,210783,133.79065640525224,39.69217509019384
MRG3_roi_data.mat,-8.0,0.46779438853263855,0.02581755816936493,255394,162.10667322299705,39.69217509019384
MRG3_roi_data.mat,-7.5,0.46679064631462097,0.02696104906499386,303210,192.45700520742434,39.69217509019384
MRG3_roi_data.mat,-7.0,0.46557408571243286,0.028019828721880913,354169,224.80229899181515,39.69217509019384
MRG3_roi_data.mat,-6.5,0.4645955264568329,0.029164791107177734,408476,259.2726745790306,39.69217509019384
MRG3_roi_data.mat,-6.0,0.46378836035728455,0.030452752485871315,464734,294.9814117544512,39.69217509019384
MRG3_roi_data.mat,-5.5,0.46309247612953186,0.03149028867483139,524516,332.92694351564063,39.69217509019384
MRG3_roi_data.mat,-5.0,0.462494432926178,0.032650429755449295,587427,372.8585508326957,39.69217509019384
MRG3_roi_data.mat,-4.5,0.46193408966064453,0.033891331404447556,653073,414.5261494074346,39.69217509019384
MRG3_roi_data.mat,-4.0,0.4615985155105591,0.03509675711393356,722428,458.547967936378,39.69217509019384
MRG3_roi_data.mat,-3.5,0.4614201486110687,0.03609563410282135,793971,503.95857947146834,39.69217509019384
MRG3_roi_data.mat,-3.0,0.4610740542411804,0.03700539842247963,867569,550.6735646937764,39.69217509019384
MRG3_roi_data.mat,-2.5,0.46088558435440063,0.03782559186220169,945102,599.8862192392968,39.69217509019384
MRG3_roi_data.mat,-2.0,0.460745632648468,0.03848680481314659,1025631,651.0005300217534,39.69217509019384
MRG3_roi_data.mat,-1.5,0.4605863094329834,0.03904528543353081,1108888,703.8463889398449,39.69217509019384
MRG3_roi_data.mat,-1.0,0.4604283571243286,0.039499830454587936,1195092,758.5628022405302,39.69217509019384
MRG3_roi_data.mat,-0.5,0.4602643847465515,0.039967264980077744,1284204,815.1250153866798,39.69217509019384
MRG3_roi_data.mat,0.0,0.4601172208786011,0.040394071489572525,1375268,872.9262248527558,39.69217509019384
MRG3_roi_data.mat,0.5,0.46008965373039246,0.040828887373209,1468961,932.3961440140605,39.69217509019384
MRG3_roi_data.mat,1.0,0.460091769695282,0.04120076075196266,1566076,994.0381151255641,39.69217509019384
MRG3_roi_data.mat,1.5,0.4601667821407318,0.0415293425321579,1665670,1057.2535861741055,39.69217509019384
MRG3_roi_data.mat,2.0,0.4603205621242523,0.041833989322185516,1767740,1122.0406529645206,39.69217509019384
MRG3_roi_data.mat,2.5,0.4605168402194977,0.04214129224419594,1872445,1188.5002378404924,39.69217509019384
MRG3_roi_data.mat,3.0,0.4607999920845032,0.042436979711055756,1979603,1256.5168196287486,39.69217509019384
MRG3_roi_data.mat,3.5,0.46105632185935974,0.04272828623652458,2085216,1323.552740907637,39.69217509019384
MRG3_roi_data.mat,4.0,0.4610781669616699,0.043222397565841675,2188854,1389.3350670370094,39.69217509019384
MRG3_roi_data.mat,4.5,0.4607084095478058,0.04448545351624489,2290888,1454.0992834854587,39.69217509019384
MRG3_roi_data.mat,5.0,0.4602443277835846,0.04610995948314667,2389238,1516.5251482727356,39.69217509019384
MRG3_roi_data.mat,5.5,0.45974844694137573,0.04778270795941353,2485321,1577.5120762478846,39.69217509019384
MRG3_roi_data.mat,6.0,0.45941805839538574,0.04912256449460983,2578567,1636.69827032978,39.69217509019384
MRG3_roi_data.mat,6.5,0.4593167006969452,0.05000806599855423,2670413,1694.995840001892,39.69217509019384
MRG3_roi_data.mat,7.0,0.4593238830566406,0.050688378512859344,2763606,1754.14839330256,39.69217509019384
MRG3_roi_data.mat,7.5,0.4593425989151001,0.051354117691516876,2856933,1813.3860006538785,39.69217509019384
MRG3_roi_data.mat,8.0,0.4593961238861084,0.05200016126036644,2951270,1873.2646870436836,39.69217509019384
MRG3_roi_data.mat,8.5,0.4594963788986206,0.052615560591220856,3046844,1933.9285365727042,39.69217509019384
S1-04_before_roi_data.mat,-8.5,0.5063338875770569,0.03364996984601021,127134,77.71422700953015,40.44646680409754
S1-04_before_roi_data.mat,-8.0,0.5062756538391113,0.03409535065293312,161549,98.75136202088022,40.44646680409754
S1-04_before_roi_data.mat,-7.5,0.5053837299346924,0.034638214856386185,198925,121.59849141748694,40.44646680409754
S1-04_before_roi_data.mat,-7.0,0.5044605135917664,0.034551721066236496,239933,146.66578278884953,40.44646680409754
S1-04_before_roi_data.mat,-6.5,0.504399836063385,0.03408914804458618,283826,173.49661141163577,40.44646680409754
S1-04_before_roi_data.mat,-6.0,0.5040163993835449,0.03495044633746147,330929,202.2896426607894,40.44646680409754
S1-04_before_roi_data.mat,-5.5,0.5032922625541687,0.035648271441459656,382277,233.67754934574666,40.44646680409754
S1-04_before_roi_data.mat,-5.0,0.5033318996429443,0.0357818529009819,435464,266.1895964138471,40.44646680409754
S1-04_before_roi_data.mat,-4.5,0.5036790370941162,0.035583384335041046,492980,301.3478662761981,40.44646680409754
S1-04_before_roi_data.mat,-4.0,0.5041347146034241,0.03527205437421799,553314,338.22871775883056,40.44646680409754
S1-04_before_roi_data.mat,-3.5,0.5046364665031433,0.03542148694396019,617536,377.48621840386687,40.44646680409754
S1-04_before_roi_data.mat,-3.0,0.504898190498352,0.03544619306921959,684863,418.6417374772118,40.44646680409754
S1-04_before_roi_data.mat,-2.5,0.5051670670509338,0.035446617752313614,754238,461.0491540517407,40.44646680409754
S1-04_before_roi_data.mat,-2.0,0.5054537653923035,0.03568543866276741,828371,506.36503171544587,40.44646680409754
S1-04_before_roi_data.mat,-1.5,0.5059190988540649,0.03601454198360443,905744,553.661450347821,40.44646680409754
S1-04_before_roi_data.mat,-1.0,0.5063818097114563,0.03619362413883209,985539,602.4383844820845,40.44646680409754
S1-04_before_roi_data.mat,-0.5,0.5066911578178406,0.036263275891542435,1069339,653.6634873137316,40.44646680409754
S1-04_before_roi_data.mat,0.0,0.506869375705719,0.03625882789492607,1154894,705.9613831700749,40.44646680409754
S1-04_before_roi_data.mat,0.5,0.506925642490387,0.03611013665795326,1243257,759.9757478659321,40.44646680409754
S1-04_before_roi_data.mat,1.0,0.5066957473754883,0.03608350083231926,1335722,816.4975752326178,40.44646680409754
S1-04_before_roi_data.mat,1.5,0.506411612033844,0.03613071143627167,1429941,874.0915843459228,40.44646680409754
S1-04_before_roi_data.mat,2.0,0.5063426494598389,0.03602899983525276,1527696,933.8470727386157,40.44646680409754
S1-04_before_roi_data.mat,2.5,0.5063557624816895,0.03590236231684685,1628130,995.2401750989218,40.44646680409754
S1-04_before_roi_data.mat,3.0,0.5064048767089844,0.03584054857492447,1729261,1057.0593382787226,40.44646680409754
S1-04_before_roi_data.mat,3.5,0.5064733624458313,0.03557685390114784,1834498,1121.3884092416586,40.44646680409754
S1-04_before_roi_data.mat,4.0,0.5065783262252808,0.03536000847816467,1942566,1187.448008439874,40.44646680409754
S1-04_before_roi_data.mat,4.5,0.5066556334495544,0.03522151708602905,2052376,1254.5724540477877,40.44646680409754
S1-04_before_roi_data.mat,5.0,0.5066038370132446,0.03527623787522316,2165444,1323.6884436297528,40.44646680409754
S1-04_before_roi_data.mat,5.5,0.5064026713371277,0.03538370877504349,2279319,1393.297734619655,40.44646680409754
S1-04_before_roi_data.mat,6.0,0.5059044361114502,0.03607533127069473,2398274,1466.0123182394473,40.44646680409754
S1-04_before_roi_data.mat,6.5,0.5052354335784912,0.037505343556404114,2518041,1539.2232596575604,40.44646680409754
S1-04_before_roi_data.mat,7.0,0.504522442817688,0.03922048956155777,2640500,1614.0797616582845,40.44646680409754
S1-04_before_roi_data.mat,7.5,0.5039382576942444,0.040745753794908524,2766336,1691.0005497241932,40.44646680409754
S1-04_before_roi_data.mat,8.0,0.5032737851142883,0.04231466352939606,2893973,1769.0222496063286,40.44646680409754
S1-04_before_roi_data.mat,8.5,0.502496063709259,0.0438852496445179,3024964,1849.0941761578833,40.44646680409754
S1-05_before_roi_data.mat,-8.5,0.4102277457714081,0.033225394785404205,294974,262.8687315168878,33.49827195233235
S1-05_before_roi_data.mat,-8.0,0.41085702180862427,0.033517856150865555,333281,297.00635889495305,33.49827195233235
S1-05_before_roi_data.mat,-7.5,0.41142863035202026,0.03359679877758026,373988,333.2827678457689,33.49827195233235
S1-05_before_roi_data.mat,-7.0,0.41221410036087036,0.03373213857412338,416539,371.2024739716481,33.49827195233235
S1-05_before_roi_data.mat,-6.5,0.41322603821754456,0.034114688634872437,461251,411.0479746719915,33.49827195233235
S1-05_before_roi_data.mat,-6.0,0.41414979100227356,0.03446350246667862,507937,452.65262321592223,33.49827195233235
S1-05_before_roi_data.mat,-5.5,0.41500377655029297,0.03511497750878334,557335,496.6740949370611,33.49827195233235
S1-05_before_roi_data.mat,-5.0,0.4156609773635864,0.03565729781985283,608764,542.5055105641402,33.49827195233235
S1-05_before_roi_data.mat,-4.5,0.41623297333717346,0.035948242992162704,661917,589.8732842876451,33.49827195233235
S1-05_before_roi_data.mat,-4.0,0.4165656268596649,0.036038223654031754,717012,638.9716887671007,33.49827195233235
S1-05_before_roi_data.mat,-3.5,0.41685694456100464,0.036286257207393646,774107,689.8524112238484,33.49827195233235
S1-05_before_roi_data.mat,-3.0,0.41705095767974854,0.036355189979076385,834007,743.2328346437484,33.49827195233235
S1-05_before_roi_data.mat,-2.5,0.4172453284263611,0.03639711067080498,895568,798.0934731437895,33.49827195233235
S1-05_before_roi_data.mat,-2.0,0.4174034297466278,0.03636426106095314,959040,854.6571164711333,33.49827195233235
S1-05_before_roi_data.mat,-1.5,0.41759487986564636,0.036317259073257446,1025454,913.8425495430739,33.49827195233235
S1-05_before_roi_data.mat,-1.0,0.41777804493904114,0.03628595918416977,1093854,974.7978243664655,33.49827195233235
S1-05_before_roi_data.mat,-0.5,0.4179545044898987,0.0362672284245491,1163854,1037.178953571691,33.49827195233235
S1-05_before_roi_data.mat,0.0,0.41812625527381897,0.036275945603847504,1234350,1100.0020976352846,33.49827195233235
S1-05_before_roi_data.mat,0.5,0.41827160120010376,0.03614268824458122,1306662,1164.4435864222598,33.49827195233235
S1-05_before_roi_data.mat,1.0,0.4184657633304596,0.03601120784878731,1382347,1231.890954477938,33.49827195233235
S1-05_before_roi_data.mat,1.5,0.41852495074272156,0.03587159886956215,1460339,1301.3942263204228,33.49827195233235
S1-05_before_roi_data.mat,2.0,0.4185067117214203,0.03570720925927162,1540244,1372.6022853081877,33.49827195233235
S1-05_before_roi_data.mat,2.5,0.41856589913368225,0.035638634115457535,1620947,1444.521489168892,33.49827195233235
S1-05_before_roi_data.mat,3.0,0.4185452163219452,0.03558016195893288,1703616,1518.1927116012746,33.49827195233235
S1-05_before_roi_data.mat,3.5,0.41840723156929016,0.03554178774356842,1788608,1593.934096364282,33.49827195233235
S1-05_before_roi_data.mat,4.0,0.4182450771331787,0.03557836264371872,1874478,1670.4579187193203,33.49827195233235
S1-05_before_roi_data.mat,4.5,0.41813093423843384,0.0355076901614666,1962189,1748.6223647724564,33.49827195233235
S1-05_before_roi_data.mat,5.0,0.41800349950790405,0.035430289804935455,2051882,1828.553087941089,33.49827195233235
S1-05_before_roi_data.mat,5.5,0.4178786277770996,0.035410430282354355,2143710,1910.3864355504809,33.49827195233235
S1-05_before_roi_data.mat,6.0,0.4176771938800812,0.03532715141773224,2235222,1991.9381769194606,33.49827195233235
S1-05_before_roi_data.mat,6.5,0.4175017774105072,0.0353107787668705,2325664,2072.536378170589,33.49827195233235
S1-05_before_roi_data.mat,7.0,0.4174157679080963,0.03530091047286987,2416507,2153.4919341761647,33.49827195233235
S1-05_before_roi_data.mat,7.5,0.4172879457473755,0.03521018102765083,2507408,2234.499177403082,33.49827195233235
S1-05_before_roi_data.mat,8.0,0.4170641601085663,0.035111404955387115,2598955,2316.082109336664,33.49827195233235
S1-05_before_roi_data.mat,8.5,0.4168512523174286,0.03503023087978363,2690107,2397.313033469731,33.49827195233235
S1-02_before_roi_data.mat,-8.5,0.457140177488327,0.04953901842236519,201077,121.348273698358,40.7065594779785
S1-02_before_roi_data.mat,-8.0,0.45641520619392395,0.04939316585659981,240738,145.28335271361374,40.7065594779785
S1-02_before_roi_data.mat,-7.5,0.4566694498062134,0.04985813796520233,283093,170.84423800876908,40.7065594779785
S1-02_before_roi_data.mat,-7.0,0.45721566677093506,0.050655145198106766,329034,198.5692440610588,40.7065594779785
S1-02_before_roi_data.mat,-6.5,0.4578753113746643,0.05047890171408653,377588,227.87117357636924,40.7065594779785
S1-02_before_roi_data.mat,-6.0,0.45810896158218384,0.05021865665912628,429346,259.1066900704467,40.7065594779785
S1-02_before_roi_data.mat,-5.5,0.458353728055954,0.05012964457273483,484402,292.33252175053343,40.7065594779785
S1-02_before_roi_data.mat,-5.0,0.4582012891769409,0.04993801936507225,542029,327.10993024785176,40.7065594779785
S1-02_before_roi_data.mat,-4.5,0.4582599699497223,0.049896541982889175,603085,363.95671132637864,40.7065594779785
S1-02_before_roi_data.mat,-4.0,0.45789244771003723,0.049771685153245926,667246,402.6773337185982,40.7065594779785
S1-02_before_roi_data.mat,-3.5,0.4577575623989105,0.04987954720854759,734432,443.2235180991981,40.7065594779785
S1-02_before_roi_data.mat,-3.0,0.45780131220817566,0.049937281757593155,804674,485.61397270673683,40.7065594779785
S1-02_before_roi_data.mat,-2.5,0.4573906660079956,0.04980400577187538,878214,529.9947425002848,40.7065594779785
S1-02_before_roi_data.mat,-2.0,0.45689624547958374,0.049959946423769,954218,575.8625155134589,40.7065594779785
S1-02_before_roi_data.mat,-1.5,0.4565584659576416,0.050298966467380524,1034037,624.0326088524745,40.7065594779785
S1-02_before_roi_data.mat,-1.0,0.45644494891166687,0.05067531019449234,1116804,673.981795329257,40.7065594779785
S1-02_before_roi_data.mat,-0.5,0.45634064078330994,0.051041990518569946,1203153,726.0926885969083,40.7065594779785
S1-02_before_roi_data.mat,0.0,0.45610910654067993,0.051045361906290054,1290480,778.7937966165052,40.7065594779785
S1-02_before_roi_data.mat,0.5,0.45596596598625183,0.051246680319309235,1380505,833.1231248822675,40.7065594779785
S1-02_before_roi_data.mat,1.0,0.45585498213768005,0.051555998623371124,1475294,890.3274869703912,40.7065594779785
S1-02_before_roi_data.mat,1.5,0.45558202266693115,0.05174461379647255,1572165,948.7883184997737,40.7065594779785
S1-02_before_roi_data.mat,2.0,0.45536327362060547,0.05230323597788811,1671813,1008.9250461090676,40.7065594779785
S1-02_before_roi_data.mat,2.5,0.4551331400871277,0.05290379375219345,1773170,1070.0931408053505,40.7065594779785
S1-02_before_roi_data.mat,3.0,0.4551311731338501,0.053657300770282745,1877840,1133.2606030611387,40.7065594779785
S1-02_before_roi_data.mat,3.5,0.45515692234039307,0.05421220883727074,1984838,1197.8329936835216,40.7065594779785
S1-02_before_roi_data.mat,4.0,0.4551948010921478,0.05457951873540878,2094483,1264.002826482183,40.7065594779785
S1-02_before_roi_data.mat,4.5,0.45518696308135986,0.05484868958592415,2206774,1331.7694979655569,40.7065594779785
S1-02_before_roi_data.mat,5.0,0.4552534222602844,0.055263932794332504,2321669,1401.1076614878534,40.7065594779785
S1-02_before_roi_data.mat,5.5,0.4553348124027252,0.055743176490068436,2438549,1471.6437557694674,40.7065594779785
S1-02_before_roi_data.mat,6.0,0.4553956091403961,0.05626034736633301,2558904,1544.2769832443446,40.7065594779785
S1-02_before_roi_data.mat,6.5,0.4554583430290222,0.05679716169834137,2681473,1618.2463410472462,40.7065594779785
S1-02_before_roi_data.mat,7.0,0.45565080642700195,0.05746921896934509,2806444,1693.6652855926566,40.7065594779785
S1-02_before_roi_data.mat,7.5,0.45578205585479736,0.05815821886062622,2934934,1771.207916960252,40.7065594779785
S1-02_before_roi_data.mat,8.0,0.4558719992637634,0.05862653627991676,3065026,1849.7173418172313,40.7065594779785
S1-02_before_roi_data.mat,8.5,0.45582038164138794,0.05890785530209541,3198522,1930.2810519662587,40.7065594779785
MRG1_roi_data.mat,-8.5,0.7928428649902344,0.01549837552011013,749250,225.91708390526279,57.58890740031008
MRG1_roi_data.mat,-8.0,0.7936263084411621,0.015569225884974003,855648,257.9986666791729,57.58890740031008
MRG1_roi_data.mat,-7.5,0.7943383455276489,0.015700455754995346,968527,292.03442845980976,57.58890740031008
MRG1_roi_data.mat,-7.0,0.7949423789978027,0.01588272675871849,1086211,327.51901451560815,57.58890740031008
MRG1_roi_data.mat,-6.5,0.7955682277679443,0.01601625233888626,1211949,365.4320773065056,57.58890740031008
MRG1_roi_data.mat,-6.0,0.7961919903755188,0.016168387606739998,1344146,405.29268556946727,57.58890740031008
MRG1_roi_data.mat,-5.5,0.7967309951782227,0.016329562291502953,1483124,447.1979301300086,57.58890740031008
MRG1_roi_data.mat,-5.0,0.7971532344818115,0.016446590423583984,1628284,490.96719793072657,57.58890740031008
MRG1_roi_data.mat,-4.5,0.7974486351013184,0.016546346247196198,1777777,536.0429705356642,57.58890740031008
MRG1_roi_data.mat,-4.0,0.7976707816123962,0.016578923910856247,1935814,583.6949667840939,57.58890740031008
MRG1_roi_data.mat,-3.5,0.7979399561882019,0.016641130670905113,2100298,633.2908902129537,57.58890740031008
MRG1_roi_data.mat,-3.0,0.7981740236282349,0.016797978430986404,2271618,684.9480337760497,57.58890740031008
MRG1_roi_data.mat,-2.5,0.7983405590057373,0.016956433653831482,2449087,738.4592502773284,57.58890740031008
MRG1_roi_data.mat,-2.0,0.7984591722488403,0.017161298543214798,2630384,793.1247018098909,57.58890740031008
MRG1_roi_data.mat,-1.5,0.798552930355072,0.017382707446813583,2820704,850.5108071270074,57.58890740031008
MRG1_roi_data.mat,-1.0,0.7985855340957642,0.017567109316587448,3017497,909.848679256428,57.58890740031008
MRG1_roi_data.mat,-0.5,0.7985779047012329,0.017708327621221542,3220324,971.0059490292044,57.58890740031008
MRG1_roi_data.mat,0.0,0.7985442280769348,0.017812367528676987,3427014,1033.3280071838642,57.58890740031008
MRG1_roi_data.mat,0.5,0.7985363006591797,0.01787916012108326,3639340,1097.3494563093482,57.58890740031008
MRG1_roi_data.mat,1.0,0.7984945178031921,0.017931969836354256,3859427,1163.711035549198,57.58890740031008
MRG1_roi_data.mat,1.5,0.798440158367157,0.01800445280969143,4085159,1231.7747194785977,57.58890740031008
MRG1_roi_data.mat,2.0,0.7983388900756836,0.018061438575387,4316046,1301.3927611891543,57.58890740031008
MRG1_roi_data.mat,2.5,0.798150360584259,0.01815751940011978,4549085,1371.659683199429,57.58890740031008
MRG1_roi_data.mat,3.0,0.7979540228843689,0.01822490058839321,4790325,1444.399406017321,57.58890740031008
MRG1_roi_data.mat,3.5,0.7977261543273926,0.01828780397772789,5037157,1518.8252527367124,57.58890740031008
MRG1_roi_data.mat,4.0,0.7974724769592285,0.018360668793320656,5288756,1594.688465807757,57.58890740031008
MRG1_roi_data.mat,4.5,0.7971755266189575,0.018472297117114067,5545541,1672.1153839133465,57.58890740031008
MRG1_roi_data.mat,5.0,0.7968290448188782,0.018624771386384964,5804444,1750.180930492358,57.58890740031008
MRG1_roi_data.mat,5.5,0.7964761853218079,0.01877538487315178,6071548,1830.7192778789863,57.58890740031008
MRG1_roi_data.mat,6.0,0.7961453199386597,0.01890442706644535,6344260,1912.9485735559592,57.58890740031008
MRG1_roi_data.mat,6.5,0.7958290576934814,0.019025137647986412,6621755,1996.6200599734311,57.58890740031008
MRG1_roi_data.mat,7.0,0.7955353260040283,0.01910625770688057,6904415,2081.8489194150884,57.58890740031008
MRG1_roi_data.mat,7.5,0.7952259182929993,0.019178850576281548,7189194,2167.71670885447,57.58890740031008
MRG1_roi_data.mat,8.0,0.7949409484863281,0.01923004537820816,7482211,2256.068455500674,57.58890740031008
MRG1_roi_data.mat,8.5,0.7946597337722778,0.019304873421788216,7780381,2345.9739568794294,57.58890740031008
S2-01_roi_data.mat,-8.5,0.3889259397983551,0.025764143094420433,361011,288.48291331730695,35.37530312225252
S2-01_roi_data.mat,-8.0,0.38826990127563477,0.025799622759222984,407640,325.7440210538377,35.37530312225252
S2-01_roi_data.mat,-7.5,0.38813674449920654,0.026117676869034767,457376,365.4879240837996,35.37530312225252
S2-01_roi_data.mat,-7.0,0.388168603181839,0.02645648829638958,509370,407.0361888043208,35.37530312225252
S2-01_roi_data.mat,-6.5,0.3880717158317566,0.026558849960565567,563897,450.60856697133727,35.37530312225252
S2-01_roi_data.mat,-6.0,0.38804692029953003,0.026607243344187737,620158,495.5665798466929,35.37530312225252
S2-01_roi_data.mat,-5.5,0.3878481984138489,0.026389027014374733,679550,543.0265663505431,35.37530312225252
S2-01_roi_data.mat,-5.0,0.3875960409641266,0.02630036510527134,741182,592.2765307936551,35.37530312225252
S2-01_roi_data.mat,-4.5,0.3873356282711029,0.026085542514920235,804405,642.7978590320192,35.37530312225252
S2-01_roi_data.mat,-4.0,0.38725000619888306,0.025910455733537674,871194,696.1687682219043,35.37530312225252
S2-01_roi_data.mat,-3.5,0.3871638774871826,0.025821521878242493,940346,751.4279443182515,35.37530312225252
S2-01_roi_data.mat,-3.0,0.3871295750141144,0.02571742981672287,1010731,807.672407378487,35.37530312225252
S2-01_roi_data.mat,-2.5,0.3872954547405243,0.025782812386751175,1084781,866.8455620223804,35.37530312225252
S2-01_roi_data.mat,-2.0,0.387660413980484,0.0260835662484169,1161150,927.871823291786,35.37530312225252
S2-01_roi_data.mat,-1.5,0.3882960081100464,0.026510123163461685,1238548,989.72035567704,35.37530312225252
S2-01_roi_data.mat,-1.0,0.3890622854232788,0.02706374228000641,1319600,1054.4887895757145,35.37530312225252
S2-01_roi_data.mat,-0.5,0.3897660970687866,0.02746543660759926,1402931,1121.0783662081287,35.37530312225252
S2-01_roi_data.mat,0.0,0.3903573453426361,0.0277787446975708,1487239,1188.448660897087,35.37530312225252
S2-01_roi_data.mat,0.5,0.39098450541496277,0.02813064493238926,1573625,1257.4794797636282,35.37530312225252
S2-01_roi_data.mat,1.0,0.3916836977005005,0.0286195520311594,1663354,1329.1816808850583,35.37530312225252
S2-01_roi_data.mat,1.5,0.3924364149570465,0.029368974268436432,1755137,1402.525227849008,35.37530312225252
S2-01_roi_data.mat,2.0,0.39305242896080017,0.03006063960492611,1847464,1476.3034837410637,35.37530312225252
S2-01_roi_data.mat,2.5,0.393520325422287,0.03060207888484001,1943229,1552.8290361309685,35.37530312225252
S2-01_roi_data.mat,3.0,0.39402225613594055,0.0310971736907959,2041050,1630.9975325579812,35.37530312225252
S2-01_roi_data.mat,3.5,0.3946762979030609,0.0315217599272728,2139232,1709.454503108241,35.37530312225252
S2-01_roi_data.mat,4.0,0.39545944333076477,0.03189118951559067,2240814,1790.6284044591657,35.37530312225252
S2-01_roi_data.mat,4.5,0.3962658643722534,0.032322388142347336,2344378,1873.3861166474192,35.37530312225252
S2-01_roi_data.mat,5.0,0.3970808982849121,0.0327826626598835,2448297,1956.4275083751538,35.37530312225252
S2-01_roi_data.mat,5.5,0.3978716731071472,0.03337246924638748,2555225,2041.873383861477,35.37530312225252
S2-01_roi_data.mat,6.0,0.3987154960632324,0.03406800329685211,2664292,2129.028528460336,35.37530312225252
S2-01_roi_data.mat,6.5,0.39960289001464844,0.03476228192448616,2774228,2216.8780886079535,35.37530312225252
S2-01_roi_data.mat,7.0,0.40053868293762207,0.03547189012169838,2887067,2307.047428200962,35.37530312225252
S2-01_roi_data.mat,7.5,0.40140992403030396,0.03612285852432251,3001704,2398.6535447291453,35.37530312225252
S2-01_roi_data.mat,8.0,0.4022585153579712,0.03683318942785263,3118453,2491.947354742919,35.37530312225252
S2-01_roi_data.mat,8.5,0.4030083417892456,0.03749775514006615,3235925,2585.8189121004802,35.37530312225252
MRG2_roi_data.mat,-8.5,0.5990174412727356,0.039438631385564804,550326,268.2953784939988,45.29011462034845
MRG2_roi_data.mat,-8.0,0.5997933745384216,0.03906065225601196,617951,301.2639734189281,45.29011462034845
MRG2_roi_data.mat,-7.5,0.6007260680198669,0.03878886625170708,692425,337.57159838660556,45.29011462034845
MRG2_roi_data.mat,-7.0,0.6016640663146973,0.03851796314120293,768005,374.41842137257464,45.29011462034845
MRG2_roi_data.mat,-6.5,0.6022771000862122,0.03796956315636635,850814,414.7895323099273,45.29011462034845
MRG2_roi_data.mat,-6.0,0.6029573082923889,0.03752553090453148,937757,457.17605428490896,45.29011462034845
MRG2_roi_data.mat,-5.5,0.6036257743835449,0.037128739058971405,1025346,499.87751470457084,45.29011462034845
MRG2_roi_data.mat,-5.0,0.6041867136955261,0.03665721043944359,1120576,546.3041216502421,45.29011462034845
MRG2_roi_data.mat,-4.5,0.6048696637153625,0.036196429282426834,1220006,594.7783160071475,45.29011462034845
MRG2_roi_data.mat,-4.0,0.6053631901741028,0.03572193160653114,1319696,643.3792657752246,45.29011462034845
MRG2_roi_data.mat,-3.5,0.6058851480484009,0.035274337977170944,1427390,695.882332124139,45.29011462034845
MRG2_roi_data.mat,-3.0,0.6063864827156067,0.03505924716591835,1539324,750.4524867167754,45.29011462034845
MRG2_roi_data.mat,-2.5,0.6067495346069336,0.03491644933819771,1650930,804.8627344830107,45.29011462034845
MRG2_roi_data.mat,-2.0,0.6069509387016296,0.034896962344646454,1771244,863.5183134818714,45.29011462034845
MRG2_roi_data.mat,-1.5,0.607109010219574,0.03500780463218689,1895636,924.1620023528778,45.29011462034845
MRG2_roi_data.mat,-1.0,0.6071609854698181,0.035191066563129425,2019241,984.422012344684,45.29011462034845
MRG2_roi_data.mat,-0.5,0.6071322560310364,0.03545713797211647,2151922,1049.1067612280046,45.29011462034845
MRG2_roi_data.mat,0.0,0.6071732044219971,0.0357622466981411,2283490,1113.248899447348,45.29011462034845
MRG2_roi_data.mat,0.5,0.6071676015853882,0.036286670714616776,2418517,1179.0773721560865,45.29011462034845
MRG2_roi_data.mat,1.0,0.6073079109191895,0.036714695394039154,2562054,1249.0546469766348,45.29011462034845
MRG2_roi_data.mat,1.5,0.607477605342865,0.037123922258615494,2703473,1317.9993527169465,45.29011462034845
MRG2_roi_data.mat,2.0,0.6077131032943726,0.0376008115708828,2853450,1391.116261568054,45.29011462034845
MRG2_roi_data.mat,2.5,0.6079903244972229,0.03820396587252617,3006730,1465.8434516618531,45.29011462034845
MRG2_roi_data.mat,3.0,0.6083163619041443,0.0388142429292202,3157753,1539.47030728252,45.29011462034845
MRG2_roi_data.mat,3.5,0.6087225675582886,0.039354484528303146,3317314,1617.2596155977385,45.29011462034845
MRG2_roi_data.mat,4.0,0.6092343926429749,0.03991004452109337,3480067,1696.605090345495,45.29011462034845
MRG2_roi_data.mat,4.5,0.6097991466522217,0.040469348430633545,3640861,1774.9955118221542,45.29011462034845
MRG2_roi_data.mat,5.0,0.6104369759559631,0.041073258966207504,3809998,1857.4533194349865,45.29011462034845
MRG2_roi_data.mat,5.5,0.6111425161361694,0.04182884097099304,3982359,1941.4828941463468,45.29011462034845
MRG2_roi_data.mat,6.0,0.6118753552436829,0.04253234341740608,4152598,2024.4779496942217,45.29011462034845
MRG2_roi_data.mat,6.5,0.6126407384872437,0.04316112399101257,4331367,2111.6315577701507,45.29011462034845
MRG2_roi_data.mat,7.0,0.6133960485458374,0.04368240013718605,4513479,2200.4149479212597,45.29011462034845
MRG2_roi_data.mat,7.5,0.6141080260276794,0.04415030777454376,4693298,2288.080452849997,45.29011462034845
MRG2_roi_data.mat,8.0,0.614831268787384,0.044564440846443176,4881675,2379.91816088953,45.29011462034845
MRG2_roi_data.mat,8.5,0.6155573725700378,0.044940121471881866,5067918,2470.715499515831,45.29011462034845
S1-06_before2_roi_data.mat,-8.5,0.41564854979515076,0.035908062011003494,310535,143.84043376136773,46.46380649443908
S1-06_before2_roi_data.mat,-8.0,0.4167015254497528,0.03623012825846672,364437,168.80794808537388,46.46380649443908
S1-06_before2_roi_data.mat,-7.5,0.4172031581401825,0.03643209487199783,422592,195.74546052484877,46.46380649443908
S1-06_before2_roi_data.mat,-7.0,0.41836971044540405,0.03684345260262489,484972,224.64000142373013,46.46380649443908
S1-06_before2_roi_data.mat,-6.5,0.41935494542121887,0.03756004944443703,551609,255.50639324608915,46.46380649443908
S1-06_before2_roi_data.mat,-6.0,0.41986823081970215,0.03801200911402702,625216,289.601303023966,46.46380649443908
S1-06_before2_roi_data.mat,-5.5,0.4201398193836212,0.03811366483569145,700493,324.46976014556094,46.46380649443908
S1-06_before2_roi_data.mat,-5.0,0.42070356011390686,0.03858953341841698,780013,361.3035833626024,46.46380649443908
S1-06_before2_roi_data.mat,-4.5,0.4209570288658142,0.03896725922822952,863766,400.0981406550681,46.46380649443908
S1-06_before2_roi_data.mat,-4.0,0.42121291160583496,0.03908592835068703,955017,442.36578656022715,46.46380649443908
S1-06_before2_roi_data.mat,-3.5,0.4213781952857971,0.03922257944941521,1047409,485.1619459499265,46.46380649443908
S1-06_before2_roi_data.mat,-3.0,0.42148709297180176,0.03942693769931793,1144184,529.988319715384,46.46380649443908
S1-06_before2_roi_data.mat,-2.5,0.4217633605003357,0.039523277431726456,1245065,576.7166009019832,46.46380649443908
S1-06_before2_roi_data.mat,-2.0,0.4222549796104431,0.039609234780073166,1354066,627.2060823466603,46.46380649443908
S1-06_before2_roi_data.mat,-1.5,0.4225948750972748,0.039709821343421936,1463582,677.9341128224842,46.46380649443908
S1-06_before2_roi_data.mat,-1.0,0.42284101247787476,0.039720967411994934,1577350,730.6316782117746,46.46380649443908
S1-06_before2_roi_data.mat,-0.5,0.4230119287967682,0.03964411839842796,1695343,785.2862720604713,46.46380649443908
S1-06_before2_roi_data.mat,0.0,0.42329469323158264,0.03958282992243767,1817587,841.9099376206325,46.46380649443908
S1-06_before2_roi_data.mat,0.5,0.4235055446624756,0.039567284286022186,1943546,900.2543986190645,46.46380649443908
S1-06_before2_roi_data.mat,1.0,0.4238821268081665,0.039722342044115067,2072862,960.1538287389707,46.46380649443908
S1-06_before2_roi_data.mat,1.5,0.424287885427475,0.03975372016429901,2205534,1021.6077647783485,46.46380649443908
S1-06_before2_roi_data.mat,2.0,0.4246605932712555,0.039772555232048035,2341612,1084.6393668373094,46.46380649443908
S1-06_before2_roi_data.mat,2.5,0.42499926686286926,0.03974394127726555,2485539,1151.306641411745,46.46380649443908
S1-06_before2_roi_data.mat,3.0,0.42535269260406494,0.03973079472780228,2628327,1217.4463289056448,46.46380649443908
S1-06_before2_roi_data.mat,3.5,0.42545607686042786,0.03959380090236664,2774696,1285.2447427695172,46.46380649443908
S1-06_before2_roi_data.mat,4.0,0.42555585503578186,0.03952407464385033,2924223,1354.5059485564207,46.46380649443908
S1-06_before2_roi_data.mat,4.5,0.4256119132041931,0.03948597609996796,3081594,1427.4005108487877,46.46380649443908
S1-06_before2_roi_data.mat,5.0,0.42569872736930847,0.03942694514989853,3237892,1499.7980573927657,46.46380649443908
S1-06_before2_roi_data.mat,5.5,0.4257349967956543,0.039355963468551636,3397536,1573.7454778361935,46.46380649443908
S1-06_before2_roi_data.mat,6.0,0.42582404613494873,0.03930288925766945,3560548,1649.2529626231194,46.46380649443908
S1-06_before2_roi_data.mat,6.5,0.4259456396102905,0.03928162157535553,3731624,1728.4957083559989,46.46380649443908
S1-06_before2_roi_data.mat,7.0,0.42610371112823486,0.039188139140605927,3901364,1807.119616213904,46.46380649443908
S1-06_before2_roi_data.mat,7.5,0.4262789785861969,0.03907907009124756,4074475,1887.3049780213144,46.46380649443908
S1-06_before2_roi_data.mat,8.0,0.4263726770877838,0.038982294499874115,4250977,1969.061057818274,46.46380649443908
S1-06_before2_roi_data.mat,8.5,0.4264736473560333,0.03894505277276039,4430829,2052.3688643226924,46.46380649443908
S2-02_before_roi_data.mat,-8.5,0.3962443768978119,0.03339499980211258,728893,496.159188883082,38.32846001711488
S2-02_before_roi_data.mat,-8.0,0.39606624841690063,0.03325870633125305,801383,545.5033033170724,38.32846001711488
S2-02_before_roi_data.mat,-7.5,0.39573541283607483,0.03295041620731354,876996,596.9732512367485,38.32846001711488
S2-02_before_roi_data.mat,-7.0,0.39548683166503906,0.032768990844488144,956011,650.7589486019266,38.32846001711488
S2-02_before_roi_data.mat,-6.5,0.39541929960250854,0.03275911509990692,1039952,707.8977858167644,38.32846001711488
S2-02_before_roi_data.mat,-6.0,0.3957866430282593,0.03277716040611267,1129900,769.1256021377545,38.32846001711488
S2-02_before_roi_data.mat,-5.5,0.39613643288612366,0.03281435742974281,1223595,832.9040102201485,38.32846001711488
S2-02_before_roi_data.mat,-5.0,0.39639753103256226,0.032820019870996475,1321811,899.7598736944044,38.32846001711488
S2-02_before_roi_data.mat,-4.5,0.39667001366615295,0.032877739518880844,1421307,967.4870361957744,38.32846001711488
S2-02_before_roi_data.mat,-4.0,0.39693960547447205,0.03301496431231499,1525199,1038.2065662933899,38.32846001711488
S2-02_before_roi_data.mat,-3.5,0.3970133364200592,0.03315966576337814,1630262,1109.7231988603417,38.32846001711488
S2-02_before_roi_data.mat,-3.0,0.3969210684299469,0.03325879946351051,1741064,1185.1463822996438,38.32846001711488
S2-02_before_roi_data.mat,-2.5,0.39684614539146423,0.0333440862596035,1853031,1261.3625839940928,38.32846001711488
S2-02_before_roi_data.mat,-2.0,0.396941214799881,0.033688172698020935,1967236,1339.1021975812619,38.32846001711488
S2-02_before_roi_data.mat,-1.5,0.397183895111084,0.034061919897794724,2084211,1418.7273567192951,38.32846001711488
S2-02_before_roi_data.mat,-1.0,0.39741623401641846,0.034358564764261246,2204447,1500.572286269375,38.32846001711488
S2-02_before_roi_data.mat,-0.5,0.3977659046649933,0.034657496958971024,2327034,1584.017547079412,38.32846001711488
S2-02_before_roi_data.mat,0.0,0.3982837498188019,0.03504902869462967,2451236,1668.5621422088159,38.32846001711488
S2-02_before_roi_data.mat,0.5,0.39888253808021545,0.035522665828466415,2577836,1754.739061609329,38.32846001711488
S2-02_before_roi_data.mat,1.0,0.39960792660713196,0.036155980080366135,2707876,1843.2575971452113,38.32846001711488
S2-02_before_roi_data.mat,1.5,0.40041854977607727,0.03678685054183006,2840613,1933.611986959318,38.32846001711488
S2-02_before_roi_data.mat,2.0,0.40126052498817444,0.03741978853940964,2975140,2025.1848340066547,38.32846001711488
S2-02_before_roi_data.mat,2.5,0.40204930305480957,0.03795408830046654,3111939,2118.304236827119,38.32846001711488
S2-02_before_roi_data.mat,3.0,0.40288373827934265,0.038475245237350464,3251581,2213.358876471088,38.32846001711488
S2-02_before_roi_data.mat,3.5,0.40370309352874756,0.03892667219042778,3395527,2311.343259093728,38.32846001711488
S2-02_before_roi_data.mat,4.0,0.4045504629611969,0.0394187867641449,3538217,2408.4726795460124,38.32846001711488
S2-02_before_roi_data.mat,4.5,0.4053608477115631,0.03983538970351219,3685122,2508.4712604664896,38.32846001711488
S2-02_before_roi_data.mat,5.0,0.40606656670570374,0.04014786705374718,3832310,2608.6624801562425,38.32846001711488
S2-02_before_roi_data.mat,5.5,0.40669968724250793,0.040402889251708984,3983686,2711.7044813503344,38.32846001711488
S2-02_before_roi_data.mat,6.0,0.4072906970977783,0.04062309488654137,4136049,2815.4183357786155,38.32846001711488
S2-02_before_roi_data.mat,6.5,0.4077935218811035,0.040791481733322144,4292665,2922.0272173649564,38.32846001711488
S2-02_before_roi_data.mat,7.0,0.4083297550678253,0.040921419858932495,4449931,3029.0785554885038,38.32846001711488
S2-02_before_roi_data.mat,7.5,0.40890029072761536,0.04102499037981033,4609080,3137.41165616522,38.32846001711488
S2-02_before_roi_data.mat,8.0,0.4094170331954956,0.04107167571783066,4770837,3247.520028609681,38.32846001711488
S2-02_before_roi_data.mat,8.5,0.4099126160144806,0.04109817370772362,4934761,3359.103483078952,38.32846001711488
S1-01_before_roi_data.mat,-8.5,0.45043349266052246,0.04119782894849777,648590,284.7522757223783,47.72561378069178
S1-01_before_roi_data.mat,-8.0,0.4512389898300171,0.04135838896036148,727895,319.5697709445729,47.72561378069178
S1-01_before_roi_data.mat,-7.5,0.4519692361354828,0.041257645934820175,812022,356.5042822686706,47.72561378069178
S1-01_before_roi_data.mat,-7.0,0.45201677083969116,0.04130948334932327,898007,394.254516512166,47.72561378069178
S1-01_before_roi_data.mat,-6.5,0.4521864056587219,0.041668061167001724,990921,435.0468089410796,47.72561378069178
S1-01_before_roi_data.mat,-6.0,0.4525907635688782,0.04209142550826073,1088693,477.97192265225056,47.72561378069178
S1-01_before_roi_data.mat,-5.5,0.4527779519557953,0.04222096502780914,1190760,522.7826821862488,47.72561378069178
S1-01_before_roi_data.mat,-5.0,0.4530503451824188,0.042525552213191986,1297396,569.5993825268824,47.72561378069178
S1-01_before_roi_data.mat,-4.5,0.4530319273471832,0.04264165088534355,1408936,618.5690996580039,47.72561378069178
S1-01_before_roi_data.mat,-4.0,0.45327505469322205,0.04297999292612076,1524734,669.4082183988108,47.72561378069178
S1-01_before_roi_data.mat,-3.5,0.453654021024704,0.043258875608444214,1641742,720.7785668126378,47.72561378069178
S1-01_before_roi_data.mat,-3.0,0.45409438014030457,0.043596092611551285,1766921,775.7362521341068,47.72561378069178
S1-01_before_roi_data.mat,-2.5,0.4544878900051117,0.043780602514743805,1896320,832.5466558193317,47.72561378069178
S1-01_before_roi_data.mat,-2.0,0.4547874331474304,0.04374336823821068,2030293,891.36519547513,47.72561378069178
S1-01_before_roi_data.mat,-1.5,0.4550674557685852,0.043778195977211,2169242,952.3683622821247,47.72561378069178
S1-01_before_roi_data.mat,-1.0,0.4552268385887146,0.043729208409786224,2312373,1015.2075642069459,47.72561378069178
S1-01_before_roi_data.mat,-0.5,0.4554813802242279,0.04386790096759796,2460074,1080.05314597119,47.72561378069178
S1-01_before_roi_data.mat,0.0,0.4557064175605774,0.04406622424721718,2608112,1145.0466817848617,47.72561378069178
S1-01_before_roi_data.mat,0.5,0.4556819796562195,0.04437795653939247,2759994,1211.7278596341444,47.72561378069178
S1-01_before_roi_data.mat,1.0,0.45557349920272827,0.04474061354994774,2919654,1281.8238345055345,47.72561378069178
S1-01_before_roi_data.mat,1.5,0.45515769720077515,0.04534263536334038,3082914,1353.5003274123562,47.72561378069178
S1-01_before_roi_data.mat,2.0,0.4536677896976471,0.04733561351895332,3250120,1426.909243699126,47.72561378069178
S1-01_before_roi_data.mat,2.5,0.4514419138431549,0.050322771072387695,3420468,1501.6976010045973,47.72561378069178
S1-01_before_roi_data.mat,3.0,0.4494227170944214,0.05265083909034729,3594360,1578.0418905093936,47.72561378069178
S1-01_before_roi_data.mat,3.5,0.44852399826049805,0.05394640192389488,3772262,1656.1467014925456,47.72561378069178
S1-01_before_roi_data.mat,4.0,0.4481278657913208,0.05503668263554573,3949008,1733.743990573209,47.72561378069178
S1-01_before_roi_data.mat,4.5,0.44800814986228943,0.056071989238262177,4133588,1814.7806625120866,47.72561378069178
S1-01_before_roi_data.mat,5.0,0.44794031977653503,0.0570036880671978,4322138,1897.560294617815,47.72561378069178
S1-01_before_roi_data.mat,5.5,0.44794759154319763,0.05779875069856644,4513806,1981.7088309553421,47.72561378069178
S1-01_before_roi_data.mat,6.0,0.44797053933143616,0.05849950388073921,4709034,2067.4203240167963,47.72561378069178
S1-01_before_roi_data.mat,6.5,0.44785621762275696,0.05920001119375229,4908265,2154.8892653270927,47.72561378069178
S1-01_before_roi_data.mat,7.0,0.44724416732788086,0.06006873771548271,5110573,2243.7091105248956,47.72561378069178
S1-01_before_roi_data.mat,7.5,0.446917325258255,0.06034398078918457,5312223,2332.240072148444,47.72561378069178
S1-01_before_roi_data.mat,8.0,0.4465514123439789,0.060599252581596375,5522125,2424.3939323354325,47.72561378069178
S1-01_before_roi_data.mat,8.5,0.44612017273902893,0.06082267686724663,5735105,2517.899135442715,47.72561378069178
S1-03_before_roi_data.mat,-8.5,0.44680339097976685,0.028863009065389633,559123,203.46970579356153,52.4208188067647
S1-03_before_roi_data.mat,-8.0,0.44679462909698486,0.02929506078362465,640885,233.22360625033613,52.4208188067647
S1-03_before_roi_data.mat,-7.5,0.446868360042572,0.029217101633548737,726819,264.49573366713696,52.4208188067647
S1-03_before_roi_data.mat,-7.0,0.446754515171051,0.029107654467225075,817885,297.6354403645836,52.4208188067647
S1-03_before_roi_data.mat,-6.5,0.44680890440940857,0.02904941700398922,915238,333.0630408534217,52.4208188067647
S1-03_before_roi_data.mat,-6.0,0.44712358713150024,0.02902243845164776,1017520,370.2843471634412,52.4208188067647
S1-03_before_roi_data.mat,-5.5,0.4472089409828186,0.02906929701566696,1125148,409.4511092089114,52.4208188067647
S1-03_before_roi_data.mat,-5.0,0.4469200074672699,0.029169363901019096,1236683,450.0396624175701,52.4208188067647
S1-03_before_roi_data.mat,-4.5,0.4466319978237152,0.02957833744585514,1354414,492.88299372889486,52.4208188067647
S1-03_before_roi_data.mat,-4.0,0.44655081629753113,0.029774637892842293,1477387,537.6339342742697,52.4208188067647
S1-03_before_roi_data.mat,-3.5,0.44650983810424805,0.029970569536089897,1604282,583.8121246128428,52.4208188067647
S1-03_before_roi_data.mat,-3.0,0.44651246070861816,0.03019384853541851,1737761,632.386289616999,52.4208188067647
S1-03_before_roi_data.mat,-2.5,0.44653645157814026,0.03033970110118389,1874878,682.2843543528367,52.4208188067647
S1-03_before_roi_data.mat,-2.0,0.44642385840415955,0.03025626204907894,2018949,734.7130399611628,52.4208188067647
S1-03_before_roi_data.mat,-1.5,0.4461607038974762,0.030187034979462624,2167763,788.8677443785506,52.4208188067647
S1-03_before_roi_data.mat,-1.0,0.44595229625701904,0.0302877314388752,2321421,844.7852223803983,52.4208188067647
S1-03_before_roi_data.mat,-0.5,0.44558843970298767,0.030321817845106125,2479036,902.1426869788,52.4208188067647
S1-03_before_roi_data.mat,0.0,0.4450422525405884,0.030400170013308525,2641739,961.351718876486,52.4208188067647
S1-03_before_roi_data.mat,0.5,0.4445006251335144,0.03056458756327629,2809061,1022.2416449084867,52.4208188067647
S1-03_before_roi_data.mat,1.0,0.443974107503891,0.030657220631837845,2980651,1084.6847331325755,52.4208188067647
S1-03_before_roi_data.mat,1.5,0.44350627064704895,0.03071160987019539,3157770,1149.1398723782331,52.4208188067647
S1-03_before_roi_data.mat,2.0,0.4432361423969269,0.030664974823594093,3339524,1215.2817282968824,52.4208188067647
S1-03_before_roi_data.mat,2.5,0.4430420398712158,0.030698707327246666,3526119,1283.1852660739899,52.4208188067647
S1-03_before_roi_data.mat,3.0,0.44286149740219116,0.030843358486890793,3714877,1351.8759382984933,52.4208188067647
S1-03_before_roi_data.mat,3.5,0.44264304637908936,0.030971216037869453,3909734,1422.7860894849337,52.4208188067647
S1-03_before_roi_data.mat,4.0,0.4424648582935333,0.03097747452557087,4107048,1494.5903642669598,52.4208188067647
S1-03_before_roi_data.mat,4.5,0.4422702193260193,0.030984491109848022,4310263,1568.5420640947948,52.4208188067647
S1-03_before_roi_data.mat,5.0,0.4420270323753357,0.031014366075396538,4517735,1644.0429231193775,52.4208188067647
S1-03_before_roi_data.mat,5.5,0.4417465925216675,0.031044505536556244,4727921,1720.5314302670456,52.4208188067647
S1-03_before_roi_data.mat,6.0,0.44149988889694214,0.03104831837117672,4944218,1799.243783280658,52.4208188067647
S1-03_before_roi_data.mat,6.5,0.4412526488304138,0.03116457536816597,5164569,1879.4314220315537,52.4208188067647
S1-03_before_roi_data.mat,7.0,0.44100093841552734,0.03126920387148857,5389645,1961.3385292354992,52.4208188067647
S1-03_before_roi_data.mat,7.5,0.4407595098018646,0.031385164707899094,5617117,2044.1175616063247,52.4208188067647
S1-03_before_roi_data.mat,8.0,0.440540611743927,0.031456563621759415,5848747,2128.409726215834,52.4208188067647
S1-03_before_roi_data.mat,8.5,0.4403544068336487,0.03147852420806885,6086492,2214.927192325957,52.4208188067647
S2-05(BG)_before_roi_data.mat,-8.5,0.577278196811676,0.025332847610116005,167640,242.38126659161156,26.299003978696483
S2-05(BG)_before_roi_data.mat,-8.0,0.5761659145355225,0.025834674015641212,188990,273.2500332447427,26.299003978696483
S2-05(BG)_before_roi_data.mat,-7.5,0.575088620185852,0.026127031072974205,211518,305.8220039783136,26.299003978696483
S2-05(BG)_before_roi_data.mat,-7.0,0.5741366744041443,0.026527073234319687,235420,340.3805641911071,26.299003978696483
S2-05(BG)_before_roi_data.mat,-6.5,0.5735197067260742,0.0268002487719059,261033,377.41296326776506,26.299003978696483
S2-05(BG)_before_roi_data.mat,-6.0,0.5730155110359192,0.026935214176774025,287296,415.38516086079477,26.299003978696483
S2-05(BG)_before_roi_data.mat,-5.5,0.5725100636482239,0.027275079861283302,315037,455.4943156956665,26.299003978696483
S2-05(BG)_before_roi_data.mat,-5.0,0.5719569325447083,0.027581235393881798,344051,497.44402977875535,26.299003978696483
S2-05(BG)_before_roi_data.mat,-4.5,0.571426272392273,0.028169579803943634,374327,541.2183988274766,26.299003978696483
S2-05(BG)_before_roi_data.mat,-4.0,0.57105553150177,0.028796035796403885,405605,586.4415034352816,26.299003978696483
S2-05(BG)_before_roi_data.mat,-3.5,0.5705298185348511,0.02914542518556118,438277,633.680114399736,26.299003978696483
S2-05(BG)_before_roi_data.mat,-3.0,0.5699776411056519,0.029611168429255486,473072,683.9882519030474,26.299003978696483
S2-05(BG)_before_roi_data.mat,-2.5,0.5694133639335632,0.029875533655285835,508453,735.1436539149646,26.299003978696483
S2-05(BG)_before_roi_data.mat,-2.0,0.5688920021057129,0.0303453728556633,544624,787.4412725852413,26.299003978696483
S2-05(BG)_before_roi_data.mat,-1.5,0.5683020949363708,0.03094332665205002,582549,842.2749014058502,26.299003978696483
S2-05(BG)_before_roi_data.mat,-1.0,0.5676400065422058,0.031467437744140625,621740,898.9389685675768,26.299003978696483
S2-05(BG)_before_roi_data.mat,-0.5,0.5669198632240295,0.03200332447886467,662212,957.4551617284912,26.299003978696483
S2-05(BG)_before_roi_data.mat,0.0,0.5661845207214355,0.03249968960881233,703180,1016.6884934495909,26.299003978696483
S2-05(BG)_before_roi_data.mat,0.5,0.5655015707015991,0.032909393310546875,745254,1077.5209284923938,26.299003978696483
S2-05(BG)_before_roi_data.mat,1.0,0.5646209120750427,0.0336562879383564,789194,1141.051308199119,26.299003978696483
S2-05(BG)_before_roi_data.mat,1.5,0.5635952353477478,0.034446362406015396,834218,1206.1489826623779,26.299003978696483
S2-05(BG)_before_roi_data.mat,2.0,0.5624226331710815,0.03536765277385712,880326,1272.8139518821704,26.299003978696483
S2-05(BG)_before_roi_data.mat,2.5,0.5612000226974487,0.03633478283882141,926908,1340.1642510969787,26.299003978696483
S2-05(BG)_before_roi_data.mat,3.0,0.5599150061607361,0.03727176785469055,975148,1409.9117594504703,26.299003978696483
S2-05(BG)_before_roi_data.mat,3.5,0.5587324500083923,0.03793724626302719,1025345,1482.4887842601763,26.299003978696483
S2-05(BG)_before_roi_data.mat,4.0,0.5575399398803711,0.038515619933605194,1075592,1555.1381012634495,26.299003978696483
S2-05(BG)_before_roi_data.mat,4.5,0.5562033653259277,0.03944253921508789,1126687,1629.0134938696197,26.299003978696483
S2-05(BG)_before_roi_data.mat,5.0,0.5549253821372986,0.040398404002189636,1179259,1705.0243978737608,26.299003978696483
S2-05(BG)_before_roi_data.mat,5.5,0.5535882115364075,0.04137203469872475,1232907,1782.5910298834647,26.299003978696483
S2-05(BG)_before_roi_data.mat,6.0,0.5522317290306091,0.04229360073804855,1287647,1861.7365234006731,26.299003978696483
S2-05(BG)_before_roi_data.mat,6.5,0.5509470105171204,0.04308153688907623,1343121,1941.943266319446,26.299003978696483
S2-05(BG)_before_roi_data.mat,7.0,0.5496878027915955,0.04383070766925812,1400719,2025.220981620947,26.299003978696483
S2-05(BG)_before_roi_data.mat,7.5,0.5484310984611511,0.04449966177344322,1458699,2109.0510092813,26.299003978696483
S2-05(BG)_before_roi_data.mat,8.0,0.5472219586372375,0.04502628371119499,1517578,2194.1808505819895,26.299003978696483
S2-05(BG)_before_roi_data.mat,8.5,0.5460560917854309,0.04557157680392265,1577668,2281.0616088108723,26.299003978696483
S2-07_before_roi_data.mat,-8.5,0.5564612746238708,0.037511568516492844,249660,377.5274559119741,25.715810238597015
S2-07_before_roi_data.mat,-8.0,0.5568459630012512,0.037915270775556564,276242,417.7238623569476,25.715810238597015
S2-07_before_roi_data.mat,-7.5,0.5574195981025696,0.03794827684760094,304159,459.9390109057523,25.715810238597015
S2-07_before_roi_data.mat,-7.0,0.5581638216972351,0.03774819150567055,331672,501.543244241113,25.715810238597015
S2-07_before_roi_data.mat,-6.5,0.5591681003570557,0.03784939646720886,362319,547.8866069797747,25.715810238597015
S2-07_before_roi_data.mat,-6.0,0.5598693490028381,0.037750545889139175,394199,596.0944708525366,25.715810238597015
S2-07_before_roi_data.mat,-5.5,0.5603025555610657,0.0376010537147522,427418,646.3271254946093,25.715810238597015
S2-07_before_roi_data.mat,-5.0,0.5606406331062317,0.03741919994354248,462105,698.7796403677112,25.715810238597015
S2-07_before_roi_data.mat,-4.5,0.5609065294265747,0.03718501701951027,498009,753.0724617129948,25.715810238597015
S2-07_before_roi_data.mat,-4.0,0.5611162781715393,0.03671903535723686,535259,809.4006589921787,25.715810238597015
S2-07_before_roi_data.mat,-3.5,0.5612592697143555,0.036440350115299225,571548,864.2756643898781,25.715810238597015
S2-07_before_roi_data.mat,-3.0,0.5612102150917053,0.03623043745756149,611561,924.7819773491259,25.715810238597015
S2-07_before_roi_data.mat,-2.5,0.560894787311554,0.03601004555821419,652756,987.0756709576085,25.715810238597015
S2-07_before_roi_data.mat,-2.0,0.5603418946266174,0.035974979400634766,695295,1051.4017161672516,25.715810238597015
S2-07_before_roi_data.mat,-1.5,0.559689998626709,0.036036375910043716,739346,1118.0141569282,25.715810238597015
S2-07_before_roi_data.mat,-1.0,0.5590053200721741,0.0360579751431942,784568,1186.397344508314,25.715810238597015
S2-07_before_roi_data.mat,-0.5,0.5585103034973145,0.03589216619729996,831152,1256.8401026842469,25.715810238597015
S2-07_before_roi_data.mat,0.0,0.5581031441688538,0.03586558252573013,876223,1324.9949531425045,25.715810238597015
S2-07_before_roi_data.mat,0.5,0.5576198697090149,0.036036498844623566,922351,1394.748163453758,25.715810238597015
S2-07_before_roi_data.mat,1.0,0.5570420622825623,0.03636735677719116,972348,1470.351945450197,25.715810238597015
S2-07_before_roi_data.mat,1.5,0.5564694404602051,0.03658454492688179,1023377,1547.516283140384,25.715810238597015
S2-07_before_roi_data.mat,2.0,0.5559625625610352,0.036529894918203354,1075643,1626.551170630151,25.715810238597015
S2-07_before_roi_data.mat,2.5,0.5554572343826294,0.036598701030015945,1128711,1706.7988155485868,25.715810238597015
S2-07_before_roi_data.mat,3.0,0.5548636317253113,0.03676840662956238,1182851,1788.6675028155669,25.715810238597015
S2-07_before_roi_data.mat,3.5,0.5541369915008545,0.03691283240914345,1238219,1872.3931303847978,25.715810238597015
S2-07_before_roi_data.mat,4.0,0.5534636378288269,0.037072621285915375,1291532,1953.0112560638618,25.715810238597015
S2-07_before_roi_data.mat,4.5,0.5528260469436646,0.037136077880859375,1348779,2039.5782442421553,25.715810238597015
S2-07_before_roi_data.mat,5.0,0.5521549582481384,0.03728353977203369,1407048,2127.6906664504977,25.715810238597015
S2-07_before_roi_data.mat,5.5,0.5515280961990356,0.03735168278217316,1466510,2217.6071031381443,25.715810238597015
S2-07_before_roi_data.mat,6.0,0.5508592128753662,0.03756353631615639,1526826,2308.8149299056945,25.715810238597015
S2-07_before_roi_data.mat,6.5,0.5492152571678162,0.04231841862201691,1588176,2401.5863366997332,25.715810238597015
S2-07_before_roi_data.mat,7.0,0.5475122332572937,0.046683888882398605,1650762,2496.226781126981,25.715810238597015
S2-07_before_roi_data.mat,7.5,0.5460812449455261,0.0493643693625927,1711322,2587.80357648879,25.715810238597015
S2-07_before_roi_data.mat,8.0,0.5445721745491028,0.05190741643309593,1775768,2685.256650364073,25.715810238597015
S2-07_before_roi_data.mat,8.5,0.5430449843406677,0.05429604649543762,1841275,2784.314132757831,25.715810238597015
S3_roi_data.mat,-8.5,0.674342691898346,0.010037419386208057,108758,138.06756130480358,28.06627519940641
S3_roi_data.mat,-8.0,0.6740790009498596,0.010311194695532322,132338,168.00221526651,28.06627519940641
S3_roi_data.mat,-7.5,0.6738275289535522,0.010566678829491138,157633,200.11405037937533,28.06627519940641
S3_roi_data.mat,-7.0,0.673604428768158,0.01070461142808199,184244,233.89653878374216,28.06627519940641
S3_roi_data.mat,-6.5,0.673481822013855,0.010740152560174465,212120,269.2849363170979,28.06627519940641
S3_roi_data.mat,-6.0,0.6733234524726868,0.010703054256737232,241962,307.16915784064514,28.06627519940641
S3_roi_data.mat,-5.5,0.673163115978241,0.010655583813786507,273763,347.5403169007056,28.06627519940641
S3_roi_data.mat,-5.0,0.673022985458374,0.010671500116586685,306494,389.092104806584,28.06627519940641
S3_roi_data.mat,-4.5,0.67291659116745,0.010698541067540646,340518,432.28534765616416,28.06627519940641
S3_roi_data.mat,-4.0,0.6727092266082764,0.010727692395448685,376529,478.0010738569704,28.06627519940641
S3_roi_data.mat,-3.5,0.6724052429199219,0.010763535276055336,414117,525.7187911221366,28.06627519940641
S3_roi_data.mat,-3.0,0.6720637083053589,0.01082092709839344,453043,575.1350905332217,28.06627519940641
S3_roi_data.mat,-2.5,0.6716651916503906,0.010868851095438004,493492,626.4848283660064,28.06627519940641
S3_roi_data.mat,-2.0,0.6713001728057861,0.01090964674949646,535697,680.0637965786366,28.06627519940641
S3_roi_data.mat,-1.5,0.6708934307098389,0.010997374542057514,579519,735.6955355909308,28.06627519940641
S3_roi_data.mat,-1.0,0.6704581379890442,0.011112979613244534,624597,792.9217582917706,28.06627519940641
S3_roi_data.mat,-0.5,0.670032262802124,0.011227217502892017,671094,851.9493921025198,28.06627519940641
S3_roi_data.mat,0.0,0.669606626033783,0.01132762711495161,718715,912.4039364753112,28.06627519940641
S3_roi_data.mat,0.5,0.6691811084747314,0.011366406455636024,767650,974.5265951528389,28.06627519940641
S3_roi_data.mat,1.0,0.6687421798706055,0.011428351514041424,818203,1038.7032941234133,28.06627519940641
S3_roi_data.mat,1.5,0.6682581305503845,0.011519012972712517,870099,1104.5849227068195,28.06627519940641
S3_roi_data.mat,2.0,0.667688250541687,0.011739327572286129,923539,1172.4266490729601,28.06627519940641
S3_roi_data.mat,2.5,0.6670796275138855,0.01217388641089201,978146,1241.7498742165947,28.06627519940641
S3_roi_data.mat,3.0,0.6663280725479126,0.013603081926703453,1033731,1312.3146638884118,28.06627519940641
S3_roi_data.mat,3.5,0.6654642820358276,0.015497229993343353,1090515,1384.4015761259666,28.06627519940641
S3_roi_data.mat,4.0,0.6645393967628479,0.017664732411503792,1148785,1458.3749555300647,28.06627519940641
S3_roi_data.mat,4.5,0.6636149287223816,0.01962854526937008,1208254,1533.8704574999,28.06627519940641
S3_roi_data.mat,5.0,0.6627143025398254,0.02135005034506321,1268332,1610.139080939739,28.06627519940641
S3_roi_data.mat,5.5,0.661821722984314,0.022971007972955704,1329917,1688.3208309071558,28.06627519940641
S3_roi_data.mat,6.0,0.6609264016151428,0.024474263191223145,1393720,1769.3183171971793,28.06627519940641
S3_roi_data.mat,6.5,0.6600398421287537,0.025762170553207397,1458088,1851.033067248372,28.06627519940641
S3_roi_data.mat,7.0,0.6591464281082153,0.02691425196826458,1522969,1933.3990674048382,28.06627519940641
S3_roi_data.mat,7.5,0.6581626534461975,0.028232479467988014,1589446,2017.791178999934,28.06627519940641
S3_roi_data.mat,8.0,0.6571086049079895,0.029640506953001022,1657629,2104.349046305745,28.06627519940641
S3_roi_data.mat,8.5,0.6560207009315491,0.03094140812754631,1726729,2192.0710390434006,28.06627519940641
